	sent_index	word_index	word	region	condition
0	0	0	Les	det1pl	and_pl_pl-Vsg
1	0	1	maires	np1pl	and_pl_pl-Vsg
2	0	2	et	and	and_pl_pl-Vsg
3	0	3	les	det2pl	and_pl_pl-Vsg
4	0	4	conseillers	np2pl	and_pl_pl-Vsg
5	0	5	va	Vsg	and_pl_pl-Vsg
6	0	7	<eos>	End	and_pl_pl-Vsg
7	1	0	Les	det1pl	and_pl_pl-Vsg
8	1	1	dirigeants	np1pl	and_pl_pl-Vsg
9	1	2	et	and	and_pl_pl-Vsg
10	1	3	les	det2pl	and_pl_pl-Vsg
11	1	4	joueurs	np2pl	and_pl_pl-Vsg
12	1	5	va	Vsg	and_pl_pl-Vsg
13	1	7	<eos>	End	and_pl_pl-Vsg
14	2	0	Les	det1pl	and_pl_pl-Vsg
15	2	1	présidents	np1pl	and_pl_pl-Vsg
16	2	2	et	and	and_pl_pl-Vsg
17	2	3	les	det2pl	and_pl_pl-Vsg
18	2	4	ministres	np2pl	and_pl_pl-Vsg
19	2	5	va	Vsg	and_pl_pl-Vsg
20	2	7	<eos>	End	and_pl_pl-Vsg
21	3	0	Les	det1pl	and_pl_pl-Vsg
22	3	1	animateurs	np1pl	and_pl_pl-Vsg
23	3	2	et	and	and_pl_pl-Vsg
24	3	3	les	det2pl	and_pl_pl-Vsg
25	3	4	invités	np2pl	and_pl_pl-Vsg
26	3	5	va	Vsg	and_pl_pl-Vsg
27	3	7	<eos>	End	and_pl_pl-Vsg
28	4	0	Les	det1pl	and_pl_pl-Vsg
29	4	1	gouverneurs	np1pl	and_pl_pl-Vsg
30	4	2	et	and	and_pl_pl-Vsg
31	4	3	les	det2pl	and_pl_pl-Vsg
32	4	4	préfets	np2pl	and_pl_pl-Vsg
33	4	5	va	Vsg	and_pl_pl-Vsg
34	4	7	<eos>	End	and_pl_pl-Vsg
35	5	0	Les	det1pl	and_pl_pl-Vsg
36	5	1	bébés	np1pl	and_pl_pl-Vsg
37	5	2	et	and	and_pl_pl-Vsg
38	5	3	les	det2pl	and_pl_pl-Vsg
39	5	4	enfants	np2pl	and_pl_pl-Vsg
40	5	5	va	Vsg	and_pl_pl-Vsg
41	5	7	<eos>	End	and_pl_pl-Vsg
42	6	0	Mes	det1pl	and_pl_pl-Vsg
43	6	1	frère	np1pl	and_pl_pl-Vsg
44	6	2	et	and	and_pl_pl-Vsg
45	6	3	mes	det2pl	and_pl_pl-Vsg
46	6	4	amis	np2pl	and_pl_pl-Vsg
47	6	5	va	Vsg	and_pl_pl-Vsg
48	6	7	<eos>	End	and_pl_pl-Vsg
49	7	0	Les	det1pl	and_pl_pl-Vsg
50	7	1	médecins	np1pl	and_pl_pl-Vsg
51	7	2	et	and	and_pl_pl-Vsg
52	7	3	les	det2pl	and_pl_pl-Vsg
53	7	4	administrateurs	np2pl	and_pl_pl-Vsg
54	7	5	va	Vsg	and_pl_pl-Vsg
55	7	7	<eos>	End	and_pl_pl-Vsg
56	8	0	Les	det1pl	and_pl_pl-Vsg
57	8	1	agents	np1pl	and_pl_pl-Vsg
58	8	2	et	and	and_pl_pl-Vsg
59	8	3	les	det2pl	and_pl_pl-Vsg
60	8	4	secrétaires	np2pl	and_pl_pl-Vsg
61	8	5	va	Vsg	and_pl_pl-Vsg
62	8	7	<eos>	End	and_pl_pl-Vsg
63	9	0	Les	det1pl	and_pl_pl-Vsg
64	9	1	patrons	np1pl	and_pl_pl-Vsg
65	9	2	et	and	and_pl_pl-Vsg
66	9	3	les	det2pl	and_pl_pl-Vsg
67	9	4	collègues	np2pl	and_pl_pl-Vsg
68	9	5	va	Vsg	and_pl_pl-Vsg
69	9	7	<eos>	End	and_pl_pl-Vsg
70	10	0	Les	det1pl	and_pl_pl-Vsg
71	10	1	directeurs	np1pl	and_pl_pl-Vsg
72	10	2	et	and	and_pl_pl-Vsg
73	10	3	les	det2pl	and_pl_pl-Vsg
74	10	4	employés	np2pl	and_pl_pl-Vsg
75	10	5	va	Vsg	and_pl_pl-Vsg
76	10	7	<eos>	End	and_pl_pl-Vsg
77	11	0	Les	det1pl	and_pl_pl-Vsg
78	11	1	techniciens	np1pl	and_pl_pl-Vsg
79	11	2	et	and	and_pl_pl-Vsg
80	11	3	les	det2pl	and_pl_pl-Vsg
81	11	4	ingénieurs	np2pl	and_pl_pl-Vsg
82	11	5	va	Vsg	and_pl_pl-Vsg
83	11	7	<eos>	End	and_pl_pl-Vsg
84	12	0	Les	det1pl	and_pl_pl-Vsg
85	12	1	parcs	np1pl	and_pl_pl-Vsg
86	12	2	et	and	and_pl_pl-Vsg
87	12	3	les	det2pl	and_pl_pl-Vsg
88	12	4	châteaux	np2pl	and_pl_pl-Vsg
89	12	5	va	Vsg	and_pl_pl-Vsg
90	12	7	<eos>	End	and_pl_pl-Vsg
91	13	0	Les	det1pl	and_pl_pl-Vsg
92	13	1	meetings	np1pl	and_pl_pl-Vsg
93	13	2	et	and	and_pl_pl-Vsg
94	13	3	les	det2pl	and_pl_pl-Vsg
95	13	4	discours	np2pl	and_pl_pl-Vsg
96	13	5	va	Vsg	and_pl_pl-Vsg
97	13	7	<eos>	End	and_pl_pl-Vsg
98	14	0	Les	det1pl	and_pl_pl-Vsg
99	14	1	avions	np1pl	and_pl_pl-Vsg
100	14	2	et	and	and_pl_pl-Vsg
101	14	3	les	det2pl	and_pl_pl-Vsg
102	14	4	trains	np2pl	and_pl_pl-Vsg
103	14	5	va	Vsg	and_pl_pl-Vsg
104	14	7	<eos>	End	and_pl_pl-Vsg
105	15	0	Les	det1pl	and_pl_pl-Vsg
106	15	1	loyers	np1pl	and_pl_pl-Vsg
107	15	2	et	and	and_pl_pl-Vsg
108	15	3	les	det2pl	and_pl_pl-Vsg
109	15	4	transports	np2pl	and_pl_pl-Vsg
110	15	5	va	Vsg	and_pl_pl-Vsg
111	15	7	<eos>	End	and_pl_pl-Vsg
112	16	0	Les	det1pl	and_pl_pl-Vsg
113	16	1	villes	np1pl	and_pl_pl-Vsg
114	16	2	et	and	and_pl_pl-Vsg
115	16	3	les	det2pl	and_pl_pl-Vsg
116	16	4	régions	np2pl	and_pl_pl-Vsg
117	16	5	va	Vsg	and_pl_pl-Vsg
118	16	7	<eos>	End	and_pl_pl-Vsg
119	17	0	Les	det1pl	and_pl_pl-Vsg
120	17	1	partis	np1pl	and_pl_pl-Vsg
121	17	2	et	and	and_pl_pl-Vsg
122	17	3	les	det2pl	and_pl_pl-Vsg
123	17	4	syndicats	np2pl	and_pl_pl-Vsg
124	17	5	va	Vsg	and_pl_pl-Vsg
125	17	7	<eos>	End	and_pl_pl-Vsg
126	18	0	Les	det1pl	and_pl_pl-Vsg
127	18	1	bus	np1pl	and_pl_pl-Vsg
128	18	2	et	and	and_pl_pl-Vsg
129	18	3	les	det2pl	and_pl_pl-Vsg
130	18	4	métro	np2pl	and_pl_pl-Vsg
131	18	5	va	Vsg	and_pl_pl-Vsg
132	18	7	<eos>	End	and_pl_pl-Vsg
133	19	0	Les	det1pl	and_pl_pl-Vsg
134	19	1	restaurants	np1pl	and_pl_pl-Vsg
135	19	2	et	and	and_pl_pl-Vsg
136	19	3	les	det2pl	and_pl_pl-Vsg
137	19	4	marchés	np2pl	and_pl_pl-Vsg
138	19	5	va	Vsg	and_pl_pl-Vsg
139	19	7	<eos>	End	and_pl_pl-Vsg
140	20	0	Les	det1pl	and_pl_pl-Vsg
141	20	1	réponses	np1pl	and_pl_pl-Vsg
142	20	2	et	and	and_pl_pl-Vsg
143	20	3	les	det2pl	and_pl_pl-Vsg
144	20	4	questions	np2pl	and_pl_pl-Vsg
145	20	5	va	Vsg	and_pl_pl-Vsg
146	20	7	<eos>	End	and_pl_pl-Vsg
147	21	0	Les	det1pl	and_pl_pl-Vsg
148	21	1	spectacles	np1pl	and_pl_pl-Vsg
149	21	2	et	and	and_pl_pl-Vsg
150	21	3	les	det2pl	and_pl_pl-Vsg
151	21	4	événements	np2pl	and_pl_pl-Vsg
152	21	5	va	Vsg	and_pl_pl-Vsg
153	21	7	<eos>	End	and_pl_pl-Vsg
154	22	0	Les	det1pl	and_pl_pl-Vsg
155	22	1	livres	np1pl	and_pl_pl-Vsg
156	22	2	et	and	and_pl_pl-Vsg
157	22	3	les	det2pl	and_pl_pl-Vsg
158	22	4	films	np2pl	and_pl_pl-Vsg
159	22	5	va	Vsg	and_pl_pl-Vsg
160	22	7	<eos>	End	and_pl_pl-Vsg
161	23	0	Les	det1pl	and_pl_pl-Vsg
162	23	1	grèves	np1pl	and_pl_pl-Vsg
163	23	2	et	and	and_pl_pl-Vsg
164	23	3	les	det2pl	and_pl_pl-Vsg
165	23	4	manifestations	np2pl	and_pl_pl-Vsg
166	23	5	va	Vsg	and_pl_pl-Vsg
167	23	7	<eos>	End	and_pl_pl-Vsg
168	0	0	Le	det1sg	and_sg_pl-Vsg
169	0	1	maire	np1sg	and_sg_pl-Vsg
170	0	2	et	and	and_sg_pl-Vsg
171	0	3	les	det2pl	and_sg_pl-Vsg
172	0	4	conseillers	np2pl	and_sg_pl-Vsg
173	0	5	va	Vsg	and_sg_pl-Vsg
174	0	7	<eos>	End	and_sg_pl-Vsg
175	1	0	Le	det1sg	and_sg_pl-Vsg
176	1	1	dirigeant	np1sg	and_sg_pl-Vsg
177	1	2	et	and	and_sg_pl-Vsg
178	1	3	les	det2pl	and_sg_pl-Vsg
179	1	4	joueurs	np2pl	and_sg_pl-Vsg
180	1	5	va	Vsg	and_sg_pl-Vsg
181	1	7	<eos>	End	and_sg_pl-Vsg
182	2	0	Le	det1sg	and_sg_pl-Vsg
183	2	1	président	np1sg	and_sg_pl-Vsg
184	2	2	et	and	and_sg_pl-Vsg
185	2	3	les	det2pl	and_sg_pl-Vsg
186	2	4	ministres	np2pl	and_sg_pl-Vsg
187	2	5	va	Vsg	and_sg_pl-Vsg
188	2	7	<eos>	End	and_sg_pl-Vsg
189	3	0	L'	det1sg	and_sg_pl-Vsg
190	3	1	animateur	np1sg	and_sg_pl-Vsg
191	3	2	et	and	and_sg_pl-Vsg
192	3	3	les	det2pl	and_sg_pl-Vsg
193	3	4	invités	np2pl	and_sg_pl-Vsg
194	3	5	va	Vsg	and_sg_pl-Vsg
195	3	7	<eos>	End	and_sg_pl-Vsg
196	4	0	Le	det1sg	and_sg_pl-Vsg
197	4	1	gouverneur	np1sg	and_sg_pl-Vsg
198	4	2	et	and	and_sg_pl-Vsg
199	4	3	les	det2pl	and_sg_pl-Vsg
200	4	4	préfets	np2pl	and_sg_pl-Vsg
201	4	5	va	Vsg	and_sg_pl-Vsg
202	4	7	<eos>	End	and_sg_pl-Vsg
203	5	0	Le	det1sg	and_sg_pl-Vsg
204	5	1	bébé	np1sg	and_sg_pl-Vsg
205	5	2	et	and	and_sg_pl-Vsg
206	5	3	les	det2pl	and_sg_pl-Vsg
207	5	4	enfants	np2pl	and_sg_pl-Vsg
208	5	5	va	Vsg	and_sg_pl-Vsg
209	5	7	<eos>	End	and_sg_pl-Vsg
210	6	0	Mon	det1sg	and_sg_pl-Vsg
211	6	1	frère	np1sg	and_sg_pl-Vsg
212	6	2	et	and	and_sg_pl-Vsg
213	6	3	mes	det2pl	and_sg_pl-Vsg
214	6	4	amis	np2pl	and_sg_pl-Vsg
215	6	5	va	Vsg	and_sg_pl-Vsg
216	6	7	<eos>	End	and_sg_pl-Vsg
217	7	0	Le	det1sg	and_sg_pl-Vsg
218	7	1	médecin	np1sg	and_sg_pl-Vsg
219	7	2	et	and	and_sg_pl-Vsg
220	7	3	les	det2pl	and_sg_pl-Vsg
221	7	4	administrateurs	np2pl	and_sg_pl-Vsg
222	7	5	va	Vsg	and_sg_pl-Vsg
223	7	7	<eos>	End	and_sg_pl-Vsg
224	8	0	L'	det1sg	and_sg_pl-Vsg
225	8	1	agent	np1sg	and_sg_pl-Vsg
226	8	2	et	and	and_sg_pl-Vsg
227	8	3	les	det2pl	and_sg_pl-Vsg
228	8	4	secrétaires	np2pl	and_sg_pl-Vsg
229	8	5	va	Vsg	and_sg_pl-Vsg
230	8	7	<eos>	End	and_sg_pl-Vsg
231	9	0	Le	det1sg	and_sg_pl-Vsg
232	9	1	patron	np1sg	and_sg_pl-Vsg
233	9	2	et	and	and_sg_pl-Vsg
234	9	3	les	det2pl	and_sg_pl-Vsg
235	9	4	collègues	np2pl	and_sg_pl-Vsg
236	9	5	va	Vsg	and_sg_pl-Vsg
237	9	7	<eos>	End	and_sg_pl-Vsg
238	10	0	Le	det1sg	and_sg_pl-Vsg
239	10	1	directeur	np1sg	and_sg_pl-Vsg
240	10	2	et	and	and_sg_pl-Vsg
241	10	3	les	det2pl	and_sg_pl-Vsg
242	10	4	employés	np2pl	and_sg_pl-Vsg
243	10	5	va	Vsg	and_sg_pl-Vsg
244	10	7	<eos>	End	and_sg_pl-Vsg
245	11	0	Le	det1sg	and_sg_pl-Vsg
246	11	1	technicien	np1sg	and_sg_pl-Vsg
247	11	2	et	and	and_sg_pl-Vsg
248	11	3	les	det2pl	and_sg_pl-Vsg
249	11	4	ingénieurs	np2pl	and_sg_pl-Vsg
250	11	5	va	Vsg	and_sg_pl-Vsg
251	11	7	<eos>	End	and_sg_pl-Vsg
252	12	0	Le	det1sg	and_sg_pl-Vsg
253	12	1	parc	np1sg	and_sg_pl-Vsg
254	12	2	et	and	and_sg_pl-Vsg
255	12	3	les	det2pl	and_sg_pl-Vsg
256	12	4	châteaux	np2pl	and_sg_pl-Vsg
257	12	5	va	Vsg	and_sg_pl-Vsg
258	12	7	<eos>	End	and_sg_pl-Vsg
259	13	0	Le	det1sg	and_sg_pl-Vsg
260	13	1	meeting	np1sg	and_sg_pl-Vsg
261	13	2	et	and	and_sg_pl-Vsg
262	13	3	les	det2pl	and_sg_pl-Vsg
263	13	4	discours	np2pl	and_sg_pl-Vsg
264	13	5	va	Vsg	and_sg_pl-Vsg
265	13	7	<eos>	End	and_sg_pl-Vsg
266	14	0	L'	det1sg	and_sg_pl-Vsg
267	14	1	avion	np1sg	and_sg_pl-Vsg
268	14	2	et	and	and_sg_pl-Vsg
269	14	3	les	det2pl	and_sg_pl-Vsg
270	14	4	trains	np2pl	and_sg_pl-Vsg
271	14	5	va	Vsg	and_sg_pl-Vsg
272	14	7	<eos>	End	and_sg_pl-Vsg
273	15	0	Le	det1sg	and_sg_pl-Vsg
274	15	1	loyer	np1sg	and_sg_pl-Vsg
275	15	2	et	and	and_sg_pl-Vsg
276	15	3	les	det2pl	and_sg_pl-Vsg
277	15	4	transports	np2pl	and_sg_pl-Vsg
278	15	5	va	Vsg	and_sg_pl-Vsg
279	15	7	<eos>	End	and_sg_pl-Vsg
280	16	0	La	det1sg	and_sg_pl-Vsg
281	16	1	ville	np1sg	and_sg_pl-Vsg
282	16	2	et	and	and_sg_pl-Vsg
283	16	3	les	det2pl	and_sg_pl-Vsg
284	16	4	régions	np2pl	and_sg_pl-Vsg
285	16	5	va	Vsg	and_sg_pl-Vsg
286	16	7	<eos>	End	and_sg_pl-Vsg
287	17	0	Le	det1sg	and_sg_pl-Vsg
288	17	1	parti	np1sg	and_sg_pl-Vsg
289	17	2	et	and	and_sg_pl-Vsg
290	17	3	les	det2pl	and_sg_pl-Vsg
291	17	4	syndicats	np2pl	and_sg_pl-Vsg
292	17	5	va	Vsg	and_sg_pl-Vsg
293	17	7	<eos>	End	and_sg_pl-Vsg
294	18	0	Le	det1sg	and_sg_pl-Vsg
295	18	1	bus	np1sg	and_sg_pl-Vsg
296	18	2	et	and	and_sg_pl-Vsg
297	18	3	les	det2pl	and_sg_pl-Vsg
298	18	4	métro	np2pl	and_sg_pl-Vsg
299	18	5	va	Vsg	and_sg_pl-Vsg
300	18	7	<eos>	End	and_sg_pl-Vsg
301	19	0	Le	det1sg	and_sg_pl-Vsg
302	19	1	restaurant	np1sg	and_sg_pl-Vsg
303	19	2	et	and	and_sg_pl-Vsg
304	19	3	les	det2pl	and_sg_pl-Vsg
305	19	4	marchés	np2pl	and_sg_pl-Vsg
306	19	5	va	Vsg	and_sg_pl-Vsg
307	19	7	<eos>	End	and_sg_pl-Vsg
308	20	0	La	det1sg	and_sg_pl-Vsg
309	20	1	réponse	np1sg	and_sg_pl-Vsg
310	20	2	et	and	and_sg_pl-Vsg
311	20	3	les	det2pl	and_sg_pl-Vsg
312	20	4	questions	np2pl	and_sg_pl-Vsg
313	20	5	va	Vsg	and_sg_pl-Vsg
314	20	7	<eos>	End	and_sg_pl-Vsg
315	21	0	Le	det1sg	and_sg_pl-Vsg
316	21	1	spectacle	np1sg	and_sg_pl-Vsg
317	21	2	et	and	and_sg_pl-Vsg
318	21	3	les	det2pl	and_sg_pl-Vsg
319	21	4	événements	np2pl	and_sg_pl-Vsg
320	21	5	va	Vsg	and_sg_pl-Vsg
321	21	7	<eos>	End	and_sg_pl-Vsg
322	22	0	Le	det1sg	and_sg_pl-Vsg
323	22	1	livre	np1sg	and_sg_pl-Vsg
324	22	2	et	and	and_sg_pl-Vsg
325	22	3	les	det2pl	and_sg_pl-Vsg
326	22	4	films	np2pl	and_sg_pl-Vsg
327	22	5	va	Vsg	and_sg_pl-Vsg
328	22	7	<eos>	End	and_sg_pl-Vsg
329	23	0	La	det1sg	and_sg_pl-Vsg
330	23	1	grève	np1sg	and_sg_pl-Vsg
331	23	2	et	and	and_sg_pl-Vsg
332	23	3	les	det2pl	and_sg_pl-Vsg
333	23	4	manifestations	np2pl	and_sg_pl-Vsg
334	23	5	va	Vsg	and_sg_pl-Vsg
335	23	7	<eos>	End	and_sg_pl-Vsg
336	0	0	Les	det2pl	and_pl_sg-Vsg
337	0	1	conseillers	np2pl	and_pl_sg-Vsg
338	0	2	et	and	and_pl_sg-Vsg
339	0	3	le	det1sg	and_pl_sg-Vsg
340	0	4	maire	np1sg	and_pl_sg-Vsg
341	0	5	va	Vsg	and_pl_sg-Vsg
342	0	7	<eos>	End	and_pl_sg-Vsg
343	1	0	Les	det2pl	and_pl_sg-Vsg
344	1	1	joueurs	np2pl	and_pl_sg-Vsg
345	1	2	et	and	and_pl_sg-Vsg
346	1	3	le	det1sg	and_pl_sg-Vsg
347	1	4	dirigeant	np1sg	and_pl_sg-Vsg
348	1	5	va	Vsg	and_pl_sg-Vsg
349	1	7	<eos>	End	and_pl_sg-Vsg
350	2	0	Les	det2pl	and_pl_sg-Vsg
351	2	1	ministres	np2pl	and_pl_sg-Vsg
352	2	2	et	and	and_pl_sg-Vsg
353	2	3	le	det1sg	and_pl_sg-Vsg
354	2	4	président	np1sg	and_pl_sg-Vsg
355	2	5	va	Vsg	and_pl_sg-Vsg
356	2	7	<eos>	End	and_pl_sg-Vsg
357	3	0	Les	det2pl	and_pl_sg-Vsg
358	3	1	invités	np2pl	and_pl_sg-Vsg
359	3	2	et	and	and_pl_sg-Vsg
360	3	3	l'	det1sg	and_pl_sg-Vsg
361	3	4	animateur	np1sg	and_pl_sg-Vsg
362	3	5	va	Vsg	and_pl_sg-Vsg
363	3	7	<eos>	End	and_pl_sg-Vsg
364	4	0	Les	det2pl	and_pl_sg-Vsg
365	4	1	préfets	np2pl	and_pl_sg-Vsg
366	4	2	et	and	and_pl_sg-Vsg
367	4	3	le	det1sg	and_pl_sg-Vsg
368	4	4	gouverneur	np1sg	and_pl_sg-Vsg
369	4	5	va	Vsg	and_pl_sg-Vsg
370	4	7	<eos>	End	and_pl_sg-Vsg
371	5	0	Les	det2pl	and_pl_sg-Vsg
372	5	1	enfants	np2pl	and_pl_sg-Vsg
373	5	2	et	and	and_pl_sg-Vsg
374	5	3	le	det1sg	and_pl_sg-Vsg
375	5	4	bébé	np1sg	and_pl_sg-Vsg
376	5	5	va	Vsg	and_pl_sg-Vsg
377	5	7	<eos>	End	and_pl_sg-Vsg
378	6	0	Mes	det2pl	and_pl_sg-Vsg
379	6	1	amis	np2pl	and_pl_sg-Vsg
380	6	2	et	and	and_pl_sg-Vsg
381	6	3	mon	det1sg	and_pl_sg-Vsg
382	6	4	frère	np1sg	and_pl_sg-Vsg
383	6	5	va	Vsg	and_pl_sg-Vsg
384	6	7	<eos>	End	and_pl_sg-Vsg
385	7	0	Les	det2pl	and_pl_sg-Vsg
386	7	1	administrateurs	np2pl	and_pl_sg-Vsg
387	7	2	et	and	and_pl_sg-Vsg
388	7	3	le	det1sg	and_pl_sg-Vsg
389	7	4	médecin	np1sg	and_pl_sg-Vsg
390	7	5	va	Vsg	and_pl_sg-Vsg
391	7	7	<eos>	End	and_pl_sg-Vsg
392	8	0	Les	det2pl	and_pl_sg-Vsg
393	8	1	secrétaires	np2pl	and_pl_sg-Vsg
394	8	2	et	and	and_pl_sg-Vsg
395	8	3	l'	det1sg	and_pl_sg-Vsg
396	8	4	agent	np1sg	and_pl_sg-Vsg
397	8	5	va	Vsg	and_pl_sg-Vsg
398	8	7	<eos>	End	and_pl_sg-Vsg
399	9	0	Les	det2pl	and_pl_sg-Vsg
400	9	1	collègues	np2pl	and_pl_sg-Vsg
401	9	2	et	and	and_pl_sg-Vsg
402	9	3	le	det1sg	and_pl_sg-Vsg
403	9	4	patron	np1sg	and_pl_sg-Vsg
404	9	5	va	Vsg	and_pl_sg-Vsg
405	9	7	<eos>	End	and_pl_sg-Vsg
406	10	0	Les	det2pl	and_pl_sg-Vsg
407	10	1	employés	np2pl	and_pl_sg-Vsg
408	10	2	et	and	and_pl_sg-Vsg
409	10	3	le	det1sg	and_pl_sg-Vsg
410	10	4	directeur	np1sg	and_pl_sg-Vsg
411	10	5	va	Vsg	and_pl_sg-Vsg
412	10	7	<eos>	End	and_pl_sg-Vsg
413	11	0	Les	det2pl	and_pl_sg-Vsg
414	11	1	ingénieurs	np2pl	and_pl_sg-Vsg
415	11	2	et	and	and_pl_sg-Vsg
416	11	3	le	det1sg	and_pl_sg-Vsg
417	11	4	technicien	np1sg	and_pl_sg-Vsg
418	11	5	va	Vsg	and_pl_sg-Vsg
419	11	7	<eos>	End	and_pl_sg-Vsg
420	12	0	Les	det2pl	and_pl_sg-Vsg
421	12	1	châteaux	np2pl	and_pl_sg-Vsg
422	12	2	et	and	and_pl_sg-Vsg
423	12	3	le	det1sg	and_pl_sg-Vsg
424	12	4	parc	np1sg	and_pl_sg-Vsg
425	12	5	va	Vsg	and_pl_sg-Vsg
426	12	7	<eos>	End	and_pl_sg-Vsg
427	13	0	Les	det2pl	and_pl_sg-Vsg
428	13	1	discours	np2pl	and_pl_sg-Vsg
429	13	2	et	and	and_pl_sg-Vsg
430	13	3	le	det1sg	and_pl_sg-Vsg
431	13	4	meeting	np1sg	and_pl_sg-Vsg
432	13	5	va	Vsg	and_pl_sg-Vsg
433	13	7	<eos>	End	and_pl_sg-Vsg
434	14	0	Les	det2pl	and_pl_sg-Vsg
435	14	1	trains	np2pl	and_pl_sg-Vsg
436	14	2	et	and	and_pl_sg-Vsg
437	14	3	l'	det1sg	and_pl_sg-Vsg
438	14	4	avion	np1sg	and_pl_sg-Vsg
439	14	5	va	Vsg	and_pl_sg-Vsg
440	14	7	<eos>	End	and_pl_sg-Vsg
441	15	0	Les	det2pl	and_pl_sg-Vsg
442	15	1	transports	np2pl	and_pl_sg-Vsg
443	15	2	et	and	and_pl_sg-Vsg
444	15	3	le	det1sg	and_pl_sg-Vsg
445	15	4	loyer	np1sg	and_pl_sg-Vsg
446	15	5	va	Vsg	and_pl_sg-Vsg
447	15	7	<eos>	End	and_pl_sg-Vsg
448	16	0	Les	det2pl	and_pl_sg-Vsg
449	16	1	régions	np2pl	and_pl_sg-Vsg
450	16	2	et	and	and_pl_sg-Vsg
451	16	3	la	det1sg	and_pl_sg-Vsg
452	16	4	ville	np1sg	and_pl_sg-Vsg
453	16	5	va	Vsg	and_pl_sg-Vsg
454	16	7	<eos>	End	and_pl_sg-Vsg
455	17	0	Les	det2pl	and_pl_sg-Vsg
456	17	1	syndicats	np2pl	and_pl_sg-Vsg
457	17	2	et	and	and_pl_sg-Vsg
458	17	3	le	det1sg	and_pl_sg-Vsg
459	17	4	parti	np1sg	and_pl_sg-Vsg
460	17	5	va	Vsg	and_pl_sg-Vsg
461	17	7	<eos>	End	and_pl_sg-Vsg
462	18	0	Les	det2pl	and_pl_sg-Vsg
463	18	1	métro	np2pl	and_pl_sg-Vsg
464	18	2	et	and	and_pl_sg-Vsg
465	18	3	le	det1sg	and_pl_sg-Vsg
466	18	4	bus	np1sg	and_pl_sg-Vsg
467	18	5	va	Vsg	and_pl_sg-Vsg
468	18	7	<eos>	End	and_pl_sg-Vsg
469	19	0	Les	det2pl	and_pl_sg-Vsg
470	19	1	marchés	np2pl	and_pl_sg-Vsg
471	19	2	et	and	and_pl_sg-Vsg
472	19	3	le	det1sg	and_pl_sg-Vsg
473	19	4	restaurant	np1sg	and_pl_sg-Vsg
474	19	5	va	Vsg	and_pl_sg-Vsg
475	19	7	<eos>	End	and_pl_sg-Vsg
476	20	0	Les	det2pl	and_pl_sg-Vsg
477	20	1	questions	np2pl	and_pl_sg-Vsg
478	20	2	et	and	and_pl_sg-Vsg
479	20	3	la	det1sg	and_pl_sg-Vsg
480	20	4	réponse	np1sg	and_pl_sg-Vsg
481	20	5	va	Vsg	and_pl_sg-Vsg
482	20	7	<eos>	End	and_pl_sg-Vsg
483	21	0	Les	det2pl	and_pl_sg-Vsg
484	21	1	événements	np2pl	and_pl_sg-Vsg
485	21	2	et	and	and_pl_sg-Vsg
486	21	3	le	det1sg	and_pl_sg-Vsg
487	21	4	spectacle	np1sg	and_pl_sg-Vsg
488	21	5	va	Vsg	and_pl_sg-Vsg
489	21	7	<eos>	End	and_pl_sg-Vsg
490	22	0	Les	det2pl	and_pl_sg-Vsg
491	22	1	films	np2pl	and_pl_sg-Vsg
492	22	2	et	and	and_pl_sg-Vsg
493	22	3	le	det1sg	and_pl_sg-Vsg
494	22	4	livre	np1sg	and_pl_sg-Vsg
495	22	5	va	Vsg	and_pl_sg-Vsg
496	22	7	<eos>	End	and_pl_sg-Vsg
497	23	0	Les	det2pl	and_pl_sg-Vsg
498	23	1	manifestations	np2pl	and_pl_sg-Vsg
499	23	2	et	and	and_pl_sg-Vsg
500	23	3	la	det1sg	and_pl_sg-Vsg
501	23	4	grève	np1sg	and_pl_sg-Vsg
502	23	5	va	Vsg	and_pl_sg-Vsg
503	23	7	<eos>	End	and_pl_sg-Vsg
504	0	0	Le	det1sg	and_sg_sg-Vsg
505	0	1	maire	np1sg	and_sg_sg-Vsg
506	0	2	et	and	and_sg_sg-Vsg
507	0	3	le	det2sg	and_sg_sg-Vsg
508	0	4	conseiller	np2sg	and_sg_sg-Vsg
509	0	5	va	Vsg	and_sg_sg-Vsg
510	0	7	<eos>	End	and_sg_sg-Vsg
511	1	0	Le	det1sg	and_sg_sg-Vsg
512	1	1	dirigeant	np1sg	and_sg_sg-Vsg
513	1	2	et	and	and_sg_sg-Vsg
514	1	3	le	det2sg	and_sg_sg-Vsg
515	1	4	joueur	np2sg	and_sg_sg-Vsg
516	1	5	va	Vsg	and_sg_sg-Vsg
517	1	7	<eos>	End	and_sg_sg-Vsg
518	2	0	Le	det1sg	and_sg_sg-Vsg
519	2	1	président	np1sg	and_sg_sg-Vsg
520	2	2	et	and	and_sg_sg-Vsg
521	2	3	le	det2sg	and_sg_sg-Vsg
522	2	4	ministre	np2sg	and_sg_sg-Vsg
523	2	5	va	Vsg	and_sg_sg-Vsg
524	2	7	<eos>	End	and_sg_sg-Vsg
525	3	0	L'	det1sg	and_sg_sg-Vsg
526	3	1	animateur	np1sg	and_sg_sg-Vsg
527	3	2	et	and	and_sg_sg-Vsg
528	3	3	l'	det2sg	and_sg_sg-Vsg
529	3	4	invité	np2sg	and_sg_sg-Vsg
530	3	5	va	Vsg	and_sg_sg-Vsg
531	3	7	<eos>	End	and_sg_sg-Vsg
532	4	0	Le	det1sg	and_sg_sg-Vsg
533	4	1	gouverneur	np1sg	and_sg_sg-Vsg
534	4	2	et	and	and_sg_sg-Vsg
535	4	3	le	det2sg	and_sg_sg-Vsg
536	4	4	préfet	np2sg	and_sg_sg-Vsg
537	4	5	va	Vsg	and_sg_sg-Vsg
538	4	7	<eos>	End	and_sg_sg-Vsg
539	5	0	Le	det1sg	and_sg_sg-Vsg
540	5	1	bébé	np1sg	and_sg_sg-Vsg
541	5	2	et	and	and_sg_sg-Vsg
542	5	3	l'	det2sg	and_sg_sg-Vsg
543	5	4	enfant	np2sg	and_sg_sg-Vsg
544	5	5	va	Vsg	and_sg_sg-Vsg
545	5	7	<eos>	End	and_sg_sg-Vsg
546	6	0	Mon	det1sg	and_sg_sg-Vsg
547	6	1	frère	np1sg	and_sg_sg-Vsg
548	6	2	et	and	and_sg_sg-Vsg
549	6	3	mon	det2sg	and_sg_sg-Vsg
550	6	4	ami	np2sg	and_sg_sg-Vsg
551	6	5	va	Vsg	and_sg_sg-Vsg
552	6	7	<eos>	End	and_sg_sg-Vsg
553	7	0	Le	det1sg	and_sg_sg-Vsg
554	7	1	médecin	np1sg	and_sg_sg-Vsg
555	7	2	et	and	and_sg_sg-Vsg
556	7	3	l'	det2sg	and_sg_sg-Vsg
557	7	4	administrateur	np2sg	and_sg_sg-Vsg
558	7	5	va	Vsg	and_sg_sg-Vsg
559	7	7	<eos>	End	and_sg_sg-Vsg
560	8	0	L'	det1sg	and_sg_sg-Vsg
561	8	1	agent	np1sg	and_sg_sg-Vsg
562	8	2	et	and	and_sg_sg-Vsg
563	8	3	le	det2sg	and_sg_sg-Vsg
564	8	4	secrétaire	np2sg	and_sg_sg-Vsg
565	8	5	va	Vsg	and_sg_sg-Vsg
566	8	7	<eos>	End	and_sg_sg-Vsg
567	9	0	Le	det1sg	and_sg_sg-Vsg
568	9	1	patron	np1sg	and_sg_sg-Vsg
569	9	2	et	and	and_sg_sg-Vsg
570	9	3	le	det2sg	and_sg_sg-Vsg
571	9	4	collègue	np2sg	and_sg_sg-Vsg
572	9	5	va	Vsg	and_sg_sg-Vsg
573	9	7	<eos>	End	and_sg_sg-Vsg
574	10	0	Le	det1sg	and_sg_sg-Vsg
575	10	1	directeur	np1sg	and_sg_sg-Vsg
576	10	2	et	and	and_sg_sg-Vsg
577	10	3	l'	det2sg	and_sg_sg-Vsg
578	10	4	employé	np2sg	and_sg_sg-Vsg
579	10	5	va	Vsg	and_sg_sg-Vsg
580	10	7	<eos>	End	and_sg_sg-Vsg
581	11	0	Le	det1sg	and_sg_sg-Vsg
582	11	1	technicien	np1sg	and_sg_sg-Vsg
583	11	2	et	and	and_sg_sg-Vsg
584	11	3	l'	det2sg	and_sg_sg-Vsg
585	11	4	ingénieur	np2sg	and_sg_sg-Vsg
586	11	5	va	Vsg	and_sg_sg-Vsg
587	11	7	<eos>	End	and_sg_sg-Vsg
588	12	0	Le	det1sg	and_sg_sg-Vsg
589	12	1	parc	np1sg	and_sg_sg-Vsg
590	12	2	et	and	and_sg_sg-Vsg
591	12	3	le	det2sg	and_sg_sg-Vsg
592	12	4	château	np2sg	and_sg_sg-Vsg
593	12	5	va	Vsg	and_sg_sg-Vsg
594	12	7	<eos>	End	and_sg_sg-Vsg
595	13	0	Le	det1sg	and_sg_sg-Vsg
596	13	1	meeting	np1sg	and_sg_sg-Vsg
597	13	2	et	and	and_sg_sg-Vsg
598	13	3	le	det2sg	and_sg_sg-Vsg
599	13	4	discours	np2sg	and_sg_sg-Vsg
600	13	5	va	Vsg	and_sg_sg-Vsg
601	13	7	<eos>	End	and_sg_sg-Vsg
602	14	0	L'	det1sg	and_sg_sg-Vsg
603	14	1	avion	np1sg	and_sg_sg-Vsg
604	14	2	et	and	and_sg_sg-Vsg
605	14	3	le	det2sg	and_sg_sg-Vsg
606	14	4	train	np2sg	and_sg_sg-Vsg
607	14	5	va	Vsg	and_sg_sg-Vsg
608	14	7	<eos>	End	and_sg_sg-Vsg
609	15	0	Le	det1sg	and_sg_sg-Vsg
610	15	1	loyer	np1sg	and_sg_sg-Vsg
611	15	2	et	and	and_sg_sg-Vsg
612	15	3	le	det2sg	and_sg_sg-Vsg
613	15	4	transport	np2sg	and_sg_sg-Vsg
614	15	5	va	Vsg	and_sg_sg-Vsg
615	15	7	<eos>	End	and_sg_sg-Vsg
616	16	0	La	det1sg	and_sg_sg-Vsg
617	16	1	ville	np1sg	and_sg_sg-Vsg
618	16	2	et	and	and_sg_sg-Vsg
619	16	3	la	det2sg	and_sg_sg-Vsg
620	16	4	région	np2sg	and_sg_sg-Vsg
621	16	5	va	Vsg	and_sg_sg-Vsg
622	16	7	<eos>	End	and_sg_sg-Vsg
623	17	0	Le	det1sg	and_sg_sg-Vsg
624	17	1	parti	np1sg	and_sg_sg-Vsg
625	17	2	et	and	and_sg_sg-Vsg
626	17	3	le	det2sg	and_sg_sg-Vsg
627	17	4	syndicat	np2sg	and_sg_sg-Vsg
628	17	5	va	Vsg	and_sg_sg-Vsg
629	17	7	<eos>	End	and_sg_sg-Vsg
630	18	0	Le	det1sg	and_sg_sg-Vsg
631	18	1	bus	np1sg	and_sg_sg-Vsg
632	18	2	et	and	and_sg_sg-Vsg
633	18	3	le	det2sg	and_sg_sg-Vsg
634	18	4	métro	np2sg	and_sg_sg-Vsg
635	18	5	va	Vsg	and_sg_sg-Vsg
636	18	7	<eos>	End	and_sg_sg-Vsg
637	19	0	Le	det1sg	and_sg_sg-Vsg
638	19	1	restaurant	np1sg	and_sg_sg-Vsg
639	19	2	et	and	and_sg_sg-Vsg
640	19	3	le	det2sg	and_sg_sg-Vsg
641	19	4	marché	np2sg	and_sg_sg-Vsg
642	19	5	va	Vsg	and_sg_sg-Vsg
643	19	7	<eos>	End	and_sg_sg-Vsg
644	20	0	La	det1sg	and_sg_sg-Vsg
645	20	1	réponse	np1sg	and_sg_sg-Vsg
646	20	2	et	and	and_sg_sg-Vsg
647	20	3	la	det2sg	and_sg_sg-Vsg
648	20	4	question	np2sg	and_sg_sg-Vsg
649	20	5	va	Vsg	and_sg_sg-Vsg
650	20	7	<eos>	End	and_sg_sg-Vsg
651	21	0	Le	det1sg	and_sg_sg-Vsg
652	21	1	spectacle	np1sg	and_sg_sg-Vsg
653	21	2	et	and	and_sg_sg-Vsg
654	21	3	l'	det2sg	and_sg_sg-Vsg
655	21	4	événement	np2sg	and_sg_sg-Vsg
656	21	5	va	Vsg	and_sg_sg-Vsg
657	21	7	<eos>	End	and_sg_sg-Vsg
658	22	0	Le	det1sg	and_sg_sg-Vsg
659	22	1	livre	np1sg	and_sg_sg-Vsg
660	22	2	et	and	and_sg_sg-Vsg
661	22	3	le	det2sg	and_sg_sg-Vsg
662	22	4	film	np2sg	and_sg_sg-Vsg
663	22	5	va	Vsg	and_sg_sg-Vsg
664	22	7	<eos>	End	and_sg_sg-Vsg
665	23	0	La	det1sg	and_sg_sg-Vsg
666	23	1	grève	np1sg	and_sg_sg-Vsg
667	23	2	et	and	and_sg_sg-Vsg
668	23	3	la	det2sg	and_sg_sg-Vsg
669	23	4	manifestation	np2sg	and_sg_sg-Vsg
670	23	5	va	Vsg	and_sg_sg-Vsg
671	23	7	<eos>	End	and_sg_sg-Vsg
672	0	0	Les	det1pl	and_pl_pl-Vpl
673	0	1	maires	np1pl	and_pl_pl-Vpl
674	0	2	et	and	and_pl_pl-Vpl
675	0	3	les	det2pl	and_pl_pl-Vpl
676	0	4	conseillers	np2pl	and_pl_pl-Vpl
677	0	5	vont	Vpl	and_pl_pl-Vpl
678	0	7	<eos>	End	and_pl_pl-Vpl
679	1	0	Les	det1pl	and_pl_pl-Vpl
680	1	1	dirigeants	np1pl	and_pl_pl-Vpl
681	1	2	et	and	and_pl_pl-Vpl
682	1	3	les	det2pl	and_pl_pl-Vpl
683	1	4	joueurs	np2pl	and_pl_pl-Vpl
684	1	5	vont	Vpl	and_pl_pl-Vpl
685	1	7	<eos>	End	and_pl_pl-Vpl
686	2	0	Les	det1pl	and_pl_pl-Vpl
687	2	1	présidents	np1pl	and_pl_pl-Vpl
688	2	2	et	and	and_pl_pl-Vpl
689	2	3	les	det2pl	and_pl_pl-Vpl
690	2	4	ministres	np2pl	and_pl_pl-Vpl
691	2	5	vont	Vpl	and_pl_pl-Vpl
692	2	7	<eos>	End	and_pl_pl-Vpl
693	3	0	Les	det1pl	and_pl_pl-Vpl
694	3	1	animateurs	np1pl	and_pl_pl-Vpl
695	3	2	et	and	and_pl_pl-Vpl
696	3	3	les	det2pl	and_pl_pl-Vpl
697	3	4	invités	np2pl	and_pl_pl-Vpl
698	3	5	vont	Vpl	and_pl_pl-Vpl
699	3	7	<eos>	End	and_pl_pl-Vpl
700	4	0	Les	det1pl	and_pl_pl-Vpl
701	4	1	gouverneurs	np1pl	and_pl_pl-Vpl
702	4	2	et	and	and_pl_pl-Vpl
703	4	3	les	det2pl	and_pl_pl-Vpl
704	4	4	préfets	np2pl	and_pl_pl-Vpl
705	4	5	vont	Vpl	and_pl_pl-Vpl
706	4	7	<eos>	End	and_pl_pl-Vpl
707	5	0	Les	det1pl	and_pl_pl-Vpl
708	5	1	bébés	np1pl	and_pl_pl-Vpl
709	5	2	et	and	and_pl_pl-Vpl
710	5	3	les	det2pl	and_pl_pl-Vpl
711	5	4	enfants	np2pl	and_pl_pl-Vpl
712	5	5	vont	Vpl	and_pl_pl-Vpl
713	5	7	<eos>	End	and_pl_pl-Vpl
714	6	0	Mes	det1pl	and_pl_pl-Vpl
715	6	1	frère	np1pl	and_pl_pl-Vpl
716	6	2	et	and	and_pl_pl-Vpl
717	6	3	mes	det2pl	and_pl_pl-Vpl
718	6	4	amis	np2pl	and_pl_pl-Vpl
719	6	5	vont	Vpl	and_pl_pl-Vpl
720	6	7	<eos>	End	and_pl_pl-Vpl
721	7	0	Les	det1pl	and_pl_pl-Vpl
722	7	1	médecins	np1pl	and_pl_pl-Vpl
723	7	2	et	and	and_pl_pl-Vpl
724	7	3	les	det2pl	and_pl_pl-Vpl
725	7	4	administrateurs	np2pl	and_pl_pl-Vpl
726	7	5	vont	Vpl	and_pl_pl-Vpl
727	7	7	<eos>	End	and_pl_pl-Vpl
728	8	0	Les	det1pl	and_pl_pl-Vpl
729	8	1	agents	np1pl	and_pl_pl-Vpl
730	8	2	et	and	and_pl_pl-Vpl
731	8	3	les	det2pl	and_pl_pl-Vpl
732	8	4	secrétaires	np2pl	and_pl_pl-Vpl
733	8	5	vont	Vpl	and_pl_pl-Vpl
734	8	7	<eos>	End	and_pl_pl-Vpl
735	9	0	Les	det1pl	and_pl_pl-Vpl
736	9	1	patrons	np1pl	and_pl_pl-Vpl
737	9	2	et	and	and_pl_pl-Vpl
738	9	3	les	det2pl	and_pl_pl-Vpl
739	9	4	collègues	np2pl	and_pl_pl-Vpl
740	9	5	vont	Vpl	and_pl_pl-Vpl
741	9	7	<eos>	End	and_pl_pl-Vpl
742	10	0	Les	det1pl	and_pl_pl-Vpl
743	10	1	directeurs	np1pl	and_pl_pl-Vpl
744	10	2	et	and	and_pl_pl-Vpl
745	10	3	les	det2pl	and_pl_pl-Vpl
746	10	4	employés	np2pl	and_pl_pl-Vpl
747	10	5	vont	Vpl	and_pl_pl-Vpl
748	10	7	<eos>	End	and_pl_pl-Vpl
749	11	0	Les	det1pl	and_pl_pl-Vpl
750	11	1	techniciens	np1pl	and_pl_pl-Vpl
751	11	2	et	and	and_pl_pl-Vpl
752	11	3	les	det2pl	and_pl_pl-Vpl
753	11	4	ingénieurs	np2pl	and_pl_pl-Vpl
754	11	5	vont	Vpl	and_pl_pl-Vpl
755	11	7	<eos>	End	and_pl_pl-Vpl
756	12	0	Les	det1pl	and_pl_pl-Vpl
757	12	1	parcs	np1pl	and_pl_pl-Vpl
758	12	2	et	and	and_pl_pl-Vpl
759	12	3	les	det2pl	and_pl_pl-Vpl
760	12	4	châteaux	np2pl	and_pl_pl-Vpl
761	12	5	vont	Vpl	and_pl_pl-Vpl
762	12	7	<eos>	End	and_pl_pl-Vpl
763	13	0	Les	det1pl	and_pl_pl-Vpl
764	13	1	meetings	np1pl	and_pl_pl-Vpl
765	13	2	et	and	and_pl_pl-Vpl
766	13	3	les	det2pl	and_pl_pl-Vpl
767	13	4	discours	np2pl	and_pl_pl-Vpl
768	13	5	vont	Vpl	and_pl_pl-Vpl
769	13	7	<eos>	End	and_pl_pl-Vpl
770	14	0	Les	det1pl	and_pl_pl-Vpl
771	14	1	avions	np1pl	and_pl_pl-Vpl
772	14	2	et	and	and_pl_pl-Vpl
773	14	3	les	det2pl	and_pl_pl-Vpl
774	14	4	trains	np2pl	and_pl_pl-Vpl
775	14	5	vont	Vpl	and_pl_pl-Vpl
776	14	7	<eos>	End	and_pl_pl-Vpl
777	15	0	Les	det1pl	and_pl_pl-Vpl
778	15	1	loyers	np1pl	and_pl_pl-Vpl
779	15	2	et	and	and_pl_pl-Vpl
780	15	3	les	det2pl	and_pl_pl-Vpl
781	15	4	transports	np2pl	and_pl_pl-Vpl
782	15	5	vont	Vpl	and_pl_pl-Vpl
783	15	7	<eos>	End	and_pl_pl-Vpl
784	16	0	Les	det1pl	and_pl_pl-Vpl
785	16	1	villes	np1pl	and_pl_pl-Vpl
786	16	2	et	and	and_pl_pl-Vpl
787	16	3	les	det2pl	and_pl_pl-Vpl
788	16	4	régions	np2pl	and_pl_pl-Vpl
789	16	5	vont	Vpl	and_pl_pl-Vpl
790	16	7	<eos>	End	and_pl_pl-Vpl
791	17	0	Les	det1pl	and_pl_pl-Vpl
792	17	1	partis	np1pl	and_pl_pl-Vpl
793	17	2	et	and	and_pl_pl-Vpl
794	17	3	les	det2pl	and_pl_pl-Vpl
795	17	4	syndicats	np2pl	and_pl_pl-Vpl
796	17	5	vont	Vpl	and_pl_pl-Vpl
797	17	7	<eos>	End	and_pl_pl-Vpl
798	18	0	Les	det1pl	and_pl_pl-Vpl
799	18	1	bus	np1pl	and_pl_pl-Vpl
800	18	2	et	and	and_pl_pl-Vpl
801	18	3	les	det2pl	and_pl_pl-Vpl
802	18	4	métro	np2pl	and_pl_pl-Vpl
803	18	5	vont	Vpl	and_pl_pl-Vpl
804	18	7	<eos>	End	and_pl_pl-Vpl
805	19	0	Les	det1pl	and_pl_pl-Vpl
806	19	1	restaurants	np1pl	and_pl_pl-Vpl
807	19	2	et	and	and_pl_pl-Vpl
808	19	3	les	det2pl	and_pl_pl-Vpl
809	19	4	marchés	np2pl	and_pl_pl-Vpl
810	19	5	vont	Vpl	and_pl_pl-Vpl
811	19	7	<eos>	End	and_pl_pl-Vpl
812	20	0	Les	det1pl	and_pl_pl-Vpl
813	20	1	réponses	np1pl	and_pl_pl-Vpl
814	20	2	et	and	and_pl_pl-Vpl
815	20	3	les	det2pl	and_pl_pl-Vpl
816	20	4	questions	np2pl	and_pl_pl-Vpl
817	20	5	vont	Vpl	and_pl_pl-Vpl
818	20	7	<eos>	End	and_pl_pl-Vpl
819	21	0	Les	det1pl	and_pl_pl-Vpl
820	21	1	spectacles	np1pl	and_pl_pl-Vpl
821	21	2	et	and	and_pl_pl-Vpl
822	21	3	les	det2pl	and_pl_pl-Vpl
823	21	4	événements	np2pl	and_pl_pl-Vpl
824	21	5	vont	Vpl	and_pl_pl-Vpl
825	21	7	<eos>	End	and_pl_pl-Vpl
826	22	0	Les	det1pl	and_pl_pl-Vpl
827	22	1	livres	np1pl	and_pl_pl-Vpl
828	22	2	et	and	and_pl_pl-Vpl
829	22	3	les	det2pl	and_pl_pl-Vpl
830	22	4	films	np2pl	and_pl_pl-Vpl
831	22	5	vont	Vpl	and_pl_pl-Vpl
832	22	7	<eos>	End	and_pl_pl-Vpl
833	23	0	Les	det1pl	and_pl_pl-Vpl
834	23	1	grèves	np1pl	and_pl_pl-Vpl
835	23	2	et	and	and_pl_pl-Vpl
836	23	3	les	det2pl	and_pl_pl-Vpl
837	23	4	manifestations	np2pl	and_pl_pl-Vpl
838	23	5	vont	Vpl	and_pl_pl-Vpl
839	23	7	<eos>	End	and_pl_pl-Vpl
840	0	0	Le	det1sg	and_sg_pl-Vpl
841	0	1	maire	np1sg	and_sg_pl-Vpl
842	0	2	et	and	and_sg_pl-Vpl
843	0	3	les	det2pl	and_sg_pl-Vpl
844	0	4	conseillers	np2pl	and_sg_pl-Vpl
845	0	5	vont	Vpl	and_sg_pl-Vpl
846	0	7	<eos>	End	and_sg_pl-Vpl
847	1	0	Le	det1sg	and_sg_pl-Vpl
848	1	1	dirigeant	np1sg	and_sg_pl-Vpl
849	1	2	et	and	and_sg_pl-Vpl
850	1	3	les	det2pl	and_sg_pl-Vpl
851	1	4	joueurs	np2pl	and_sg_pl-Vpl
852	1	5	vont	Vpl	and_sg_pl-Vpl
853	1	7	<eos>	End	and_sg_pl-Vpl
854	2	0	Le	det1sg	and_sg_pl-Vpl
855	2	1	président	np1sg	and_sg_pl-Vpl
856	2	2	et	and	and_sg_pl-Vpl
857	2	3	les	det2pl	and_sg_pl-Vpl
858	2	4	ministres	np2pl	and_sg_pl-Vpl
859	2	5	vont	Vpl	and_sg_pl-Vpl
860	2	7	<eos>	End	and_sg_pl-Vpl
861	3	0	L'	det1sg	and_sg_pl-Vpl
862	3	1	animateur	np1sg	and_sg_pl-Vpl
863	3	2	et	and	and_sg_pl-Vpl
864	3	3	les	det2pl	and_sg_pl-Vpl
865	3	4	invités	np2pl	and_sg_pl-Vpl
866	3	5	vont	Vpl	and_sg_pl-Vpl
867	3	7	<eos>	End	and_sg_pl-Vpl
868	4	0	Le	det1sg	and_sg_pl-Vpl
869	4	1	gouverneur	np1sg	and_sg_pl-Vpl
870	4	2	et	and	and_sg_pl-Vpl
871	4	3	les	det2pl	and_sg_pl-Vpl
872	4	4	préfets	np2pl	and_sg_pl-Vpl
873	4	5	vont	Vpl	and_sg_pl-Vpl
874	4	7	<eos>	End	and_sg_pl-Vpl
875	5	0	Le	det1sg	and_sg_pl-Vpl
876	5	1	bébé	np1sg	and_sg_pl-Vpl
877	5	2	et	and	and_sg_pl-Vpl
878	5	3	les	det2pl	and_sg_pl-Vpl
879	5	4	enfants	np2pl	and_sg_pl-Vpl
880	5	5	vont	Vpl	and_sg_pl-Vpl
881	5	7	<eos>	End	and_sg_pl-Vpl
882	6	0	Mon	det1sg	and_sg_pl-Vpl
883	6	1	frère	np1sg	and_sg_pl-Vpl
884	6	2	et	and	and_sg_pl-Vpl
885	6	3	mes	det2pl	and_sg_pl-Vpl
886	6	4	amis	np2pl	and_sg_pl-Vpl
887	6	5	vont	Vpl	and_sg_pl-Vpl
888	6	7	<eos>	End	and_sg_pl-Vpl
889	7	0	Le	det1sg	and_sg_pl-Vpl
890	7	1	médecin	np1sg	and_sg_pl-Vpl
891	7	2	et	and	and_sg_pl-Vpl
892	7	3	les	det2pl	and_sg_pl-Vpl
893	7	4	administrateurs	np2pl	and_sg_pl-Vpl
894	7	5	vont	Vpl	and_sg_pl-Vpl
895	7	7	<eos>	End	and_sg_pl-Vpl
896	8	0	L'	det1sg	and_sg_pl-Vpl
897	8	1	agent	np1sg	and_sg_pl-Vpl
898	8	2	et	and	and_sg_pl-Vpl
899	8	3	les	det2pl	and_sg_pl-Vpl
900	8	4	secrétaires	np2pl	and_sg_pl-Vpl
901	8	5	vont	Vpl	and_sg_pl-Vpl
902	8	7	<eos>	End	and_sg_pl-Vpl
903	9	0	Le	det1sg	and_sg_pl-Vpl
904	9	1	patron	np1sg	and_sg_pl-Vpl
905	9	2	et	and	and_sg_pl-Vpl
906	9	3	les	det2pl	and_sg_pl-Vpl
907	9	4	collègues	np2pl	and_sg_pl-Vpl
908	9	5	vont	Vpl	and_sg_pl-Vpl
909	9	7	<eos>	End	and_sg_pl-Vpl
910	10	0	Le	det1sg	and_sg_pl-Vpl
911	10	1	directeur	np1sg	and_sg_pl-Vpl
912	10	2	et	and	and_sg_pl-Vpl
913	10	3	les	det2pl	and_sg_pl-Vpl
914	10	4	employés	np2pl	and_sg_pl-Vpl
915	10	5	vont	Vpl	and_sg_pl-Vpl
916	10	7	<eos>	End	and_sg_pl-Vpl
917	11	0	Le	det1sg	and_sg_pl-Vpl
918	11	1	technicien	np1sg	and_sg_pl-Vpl
919	11	2	et	and	and_sg_pl-Vpl
920	11	3	les	det2pl	and_sg_pl-Vpl
921	11	4	ingénieurs	np2pl	and_sg_pl-Vpl
922	11	5	vont	Vpl	and_sg_pl-Vpl
923	11	7	<eos>	End	and_sg_pl-Vpl
924	12	0	Le	det1sg	and_sg_pl-Vpl
925	12	1	parc	np1sg	and_sg_pl-Vpl
926	12	2	et	and	and_sg_pl-Vpl
927	12	3	les	det2pl	and_sg_pl-Vpl
928	12	4	châteaux	np2pl	and_sg_pl-Vpl
929	12	5	vont	Vpl	and_sg_pl-Vpl
930	12	7	<eos>	End	and_sg_pl-Vpl
931	13	0	Le	det1sg	and_sg_pl-Vpl
932	13	1	meeting	np1sg	and_sg_pl-Vpl
933	13	2	et	and	and_sg_pl-Vpl
934	13	3	les	det2pl	and_sg_pl-Vpl
935	13	4	discours	np2pl	and_sg_pl-Vpl
936	13	5	vont	Vpl	and_sg_pl-Vpl
937	13	7	<eos>	End	and_sg_pl-Vpl
938	14	0	L'	det1sg	and_sg_pl-Vpl
939	14	1	avion	np1sg	and_sg_pl-Vpl
940	14	2	et	and	and_sg_pl-Vpl
941	14	3	les	det2pl	and_sg_pl-Vpl
942	14	4	trains	np2pl	and_sg_pl-Vpl
943	14	5	vont	Vpl	and_sg_pl-Vpl
944	14	7	<eos>	End	and_sg_pl-Vpl
945	15	0	Le	det1sg	and_sg_pl-Vpl
946	15	1	loyer	np1sg	and_sg_pl-Vpl
947	15	2	et	and	and_sg_pl-Vpl
948	15	3	les	det2pl	and_sg_pl-Vpl
949	15	4	transports	np2pl	and_sg_pl-Vpl
950	15	5	vont	Vpl	and_sg_pl-Vpl
951	15	7	<eos>	End	and_sg_pl-Vpl
952	16	0	La	det1sg	and_sg_pl-Vpl
953	16	1	ville	np1sg	and_sg_pl-Vpl
954	16	2	et	and	and_sg_pl-Vpl
955	16	3	les	det2pl	and_sg_pl-Vpl
956	16	4	régions	np2pl	and_sg_pl-Vpl
957	16	5	vont	Vpl	and_sg_pl-Vpl
958	16	7	<eos>	End	and_sg_pl-Vpl
959	17	0	Le	det1sg	and_sg_pl-Vpl
960	17	1	parti	np1sg	and_sg_pl-Vpl
961	17	2	et	and	and_sg_pl-Vpl
962	17	3	les	det2pl	and_sg_pl-Vpl
963	17	4	syndicats	np2pl	and_sg_pl-Vpl
964	17	5	vont	Vpl	and_sg_pl-Vpl
965	17	7	<eos>	End	and_sg_pl-Vpl
966	18	0	Le	det1sg	and_sg_pl-Vpl
967	18	1	bus	np1sg	and_sg_pl-Vpl
968	18	2	et	and	and_sg_pl-Vpl
969	18	3	les	det2pl	and_sg_pl-Vpl
970	18	4	métro	np2pl	and_sg_pl-Vpl
971	18	5	vont	Vpl	and_sg_pl-Vpl
972	18	7	<eos>	End	and_sg_pl-Vpl
973	19	0	Le	det1sg	and_sg_pl-Vpl
974	19	1	restaurant	np1sg	and_sg_pl-Vpl
975	19	2	et	and	and_sg_pl-Vpl
976	19	3	les	det2pl	and_sg_pl-Vpl
977	19	4	marchés	np2pl	and_sg_pl-Vpl
978	19	5	vont	Vpl	and_sg_pl-Vpl
979	19	7	<eos>	End	and_sg_pl-Vpl
980	20	0	La	det1sg	and_sg_pl-Vpl
981	20	1	réponse	np1sg	and_sg_pl-Vpl
982	20	2	et	and	and_sg_pl-Vpl
983	20	3	les	det2pl	and_sg_pl-Vpl
984	20	4	questions	np2pl	and_sg_pl-Vpl
985	20	5	vont	Vpl	and_sg_pl-Vpl
986	20	7	<eos>	End	and_sg_pl-Vpl
987	21	0	Le	det1sg	and_sg_pl-Vpl
988	21	1	spectacle	np1sg	and_sg_pl-Vpl
989	21	2	et	and	and_sg_pl-Vpl
990	21	3	les	det2pl	and_sg_pl-Vpl
991	21	4	événements	np2pl	and_sg_pl-Vpl
992	21	5	vont	Vpl	and_sg_pl-Vpl
993	21	7	<eos>	End	and_sg_pl-Vpl
994	22	0	Le	det1sg	and_sg_pl-Vpl
995	22	1	livre	np1sg	and_sg_pl-Vpl
996	22	2	et	and	and_sg_pl-Vpl
997	22	3	les	det2pl	and_sg_pl-Vpl
998	22	4	films	np2pl	and_sg_pl-Vpl
999	22	5	vont	Vpl	and_sg_pl-Vpl
1000	22	7	<eos>	End	and_sg_pl-Vpl
1001	23	0	La	det1sg	and_sg_pl-Vpl
1002	23	1	grève	np1sg	and_sg_pl-Vpl
1003	23	2	et	and	and_sg_pl-Vpl
1004	23	3	les	det2pl	and_sg_pl-Vpl
1005	23	4	manifestations	np2pl	and_sg_pl-Vpl
1006	23	5	vont	Vpl	and_sg_pl-Vpl
1007	23	7	<eos>	End	and_sg_pl-Vpl
1008	0	0	Les	det2pl	and_pl_sg-Vpl
1009	0	1	conseillers	np2pl	and_pl_sg-Vpl
1010	0	2	et	and	and_pl_sg-Vpl
1011	0	3	le	det1sg	and_pl_sg-Vpl
1012	0	4	maire	np1sg	and_pl_sg-Vpl
1013	0	5	vont	Vpl	and_pl_sg-Vpl
1014	0	7	<eos>	End	and_pl_sg-Vpl
1015	1	0	Les	det2pl	and_pl_sg-Vpl
1016	1	1	joueurs	np2pl	and_pl_sg-Vpl
1017	1	2	et	and	and_pl_sg-Vpl
1018	1	3	le	det1sg	and_pl_sg-Vpl
1019	1	4	dirigeant	np1sg	and_pl_sg-Vpl
1020	1	5	vont	Vpl	and_pl_sg-Vpl
1021	1	7	<eos>	End	and_pl_sg-Vpl
1022	2	0	Les	det2pl	and_pl_sg-Vpl
1023	2	1	ministres	np2pl	and_pl_sg-Vpl
1024	2	2	et	and	and_pl_sg-Vpl
1025	2	3	le	det1sg	and_pl_sg-Vpl
1026	2	4	président	np1sg	and_pl_sg-Vpl
1027	2	5	vont	Vpl	and_pl_sg-Vpl
1028	2	7	<eos>	End	and_pl_sg-Vpl
1029	3	0	Les	det2pl	and_pl_sg-Vpl
1030	3	1	invités	np2pl	and_pl_sg-Vpl
1031	3	2	et	and	and_pl_sg-Vpl
1032	3	3	l'	det1sg	and_pl_sg-Vpl
1033	3	4	animateur	np1sg	and_pl_sg-Vpl
1034	3	5	vont	Vpl	and_pl_sg-Vpl
1035	3	7	<eos>	End	and_pl_sg-Vpl
1036	4	0	Les	det2pl	and_pl_sg-Vpl
1037	4	1	préfets	np2pl	and_pl_sg-Vpl
1038	4	2	et	and	and_pl_sg-Vpl
1039	4	3	le	det1sg	and_pl_sg-Vpl
1040	4	4	gouverneur	np1sg	and_pl_sg-Vpl
1041	4	5	vont	Vpl	and_pl_sg-Vpl
1042	4	7	<eos>	End	and_pl_sg-Vpl
1043	5	0	Les	det2pl	and_pl_sg-Vpl
1044	5	1	enfants	np2pl	and_pl_sg-Vpl
1045	5	2	et	and	and_pl_sg-Vpl
1046	5	3	le	det1sg	and_pl_sg-Vpl
1047	5	4	bébé	np1sg	and_pl_sg-Vpl
1048	5	5	vont	Vpl	and_pl_sg-Vpl
1049	5	7	<eos>	End	and_pl_sg-Vpl
1050	6	0	Mes	det2pl	and_pl_sg-Vpl
1051	6	1	amis	np2pl	and_pl_sg-Vpl
1052	6	2	et	and	and_pl_sg-Vpl
1053	6	3	mon	det1sg	and_pl_sg-Vpl
1054	6	4	frère	np1sg	and_pl_sg-Vpl
1055	6	5	vont	Vpl	and_pl_sg-Vpl
1056	6	7	<eos>	End	and_pl_sg-Vpl
1057	7	0	Les	det2pl	and_pl_sg-Vpl
1058	7	1	administrateurs	np2pl	and_pl_sg-Vpl
1059	7	2	et	and	and_pl_sg-Vpl
1060	7	3	le	det1sg	and_pl_sg-Vpl
1061	7	4	médecin	np1sg	and_pl_sg-Vpl
1062	7	5	vont	Vpl	and_pl_sg-Vpl
1063	7	7	<eos>	End	and_pl_sg-Vpl
1064	8	0	Les	det2pl	and_pl_sg-Vpl
1065	8	1	secrétaires	np2pl	and_pl_sg-Vpl
1066	8	2	et	and	and_pl_sg-Vpl
1067	8	3	l'	det1sg	and_pl_sg-Vpl
1068	8	4	agent	np1sg	and_pl_sg-Vpl
1069	8	5	vont	Vpl	and_pl_sg-Vpl
1070	8	7	<eos>	End	and_pl_sg-Vpl
1071	9	0	Les	det2pl	and_pl_sg-Vpl
1072	9	1	collègues	np2pl	and_pl_sg-Vpl
1073	9	2	et	and	and_pl_sg-Vpl
1074	9	3	le	det1sg	and_pl_sg-Vpl
1075	9	4	patron	np1sg	and_pl_sg-Vpl
1076	9	5	vont	Vpl	and_pl_sg-Vpl
1077	9	7	<eos>	End	and_pl_sg-Vpl
1078	10	0	Les	det2pl	and_pl_sg-Vpl
1079	10	1	employés	np2pl	and_pl_sg-Vpl
1080	10	2	et	and	and_pl_sg-Vpl
1081	10	3	le	det1sg	and_pl_sg-Vpl
1082	10	4	directeur	np1sg	and_pl_sg-Vpl
1083	10	5	vont	Vpl	and_pl_sg-Vpl
1084	10	7	<eos>	End	and_pl_sg-Vpl
1085	11	0	Les	det2pl	and_pl_sg-Vpl
1086	11	1	ingénieurs	np2pl	and_pl_sg-Vpl
1087	11	2	et	and	and_pl_sg-Vpl
1088	11	3	le	det1sg	and_pl_sg-Vpl
1089	11	4	technicien	np1sg	and_pl_sg-Vpl
1090	11	5	vont	Vpl	and_pl_sg-Vpl
1091	11	7	<eos>	End	and_pl_sg-Vpl
1092	12	0	Les	det2pl	and_pl_sg-Vpl
1093	12	1	châteaux	np2pl	and_pl_sg-Vpl
1094	12	2	et	and	and_pl_sg-Vpl
1095	12	3	le	det1sg	and_pl_sg-Vpl
1096	12	4	parc	np1sg	and_pl_sg-Vpl
1097	12	5	vont	Vpl	and_pl_sg-Vpl
1098	12	7	<eos>	End	and_pl_sg-Vpl
1099	13	0	Les	det2pl	and_pl_sg-Vpl
1100	13	1	discours	np2pl	and_pl_sg-Vpl
1101	13	2	et	and	and_pl_sg-Vpl
1102	13	3	le	det1sg	and_pl_sg-Vpl
1103	13	4	meeting	np1sg	and_pl_sg-Vpl
1104	13	5	vont	Vpl	and_pl_sg-Vpl
1105	13	7	<eos>	End	and_pl_sg-Vpl
1106	14	0	Les	det2pl	and_pl_sg-Vpl
1107	14	1	trains	np2pl	and_pl_sg-Vpl
1108	14	2	et	and	and_pl_sg-Vpl
1109	14	3	l'	det1sg	and_pl_sg-Vpl
1110	14	4	avion	np1sg	and_pl_sg-Vpl
1111	14	5	vont	Vpl	and_pl_sg-Vpl
1112	14	7	<eos>	End	and_pl_sg-Vpl
1113	15	0	Les	det2pl	and_pl_sg-Vpl
1114	15	1	transports	np2pl	and_pl_sg-Vpl
1115	15	2	et	and	and_pl_sg-Vpl
1116	15	3	le	det1sg	and_pl_sg-Vpl
1117	15	4	loyer	np1sg	and_pl_sg-Vpl
1118	15	5	vont	Vpl	and_pl_sg-Vpl
1119	15	7	<eos>	End	and_pl_sg-Vpl
1120	16	0	Les	det2pl	and_pl_sg-Vpl
1121	16	1	régions	np2pl	and_pl_sg-Vpl
1122	16	2	et	and	and_pl_sg-Vpl
1123	16	3	la	det1sg	and_pl_sg-Vpl
1124	16	4	ville	np1sg	and_pl_sg-Vpl
1125	16	5	vont	Vpl	and_pl_sg-Vpl
1126	16	7	<eos>	End	and_pl_sg-Vpl
1127	17	0	Les	det2pl	and_pl_sg-Vpl
1128	17	1	syndicats	np2pl	and_pl_sg-Vpl
1129	17	2	et	and	and_pl_sg-Vpl
1130	17	3	le	det1sg	and_pl_sg-Vpl
1131	17	4	parti	np1sg	and_pl_sg-Vpl
1132	17	5	vont	Vpl	and_pl_sg-Vpl
1133	17	7	<eos>	End	and_pl_sg-Vpl
1134	18	0	Les	det2pl	and_pl_sg-Vpl
1135	18	1	métro	np2pl	and_pl_sg-Vpl
1136	18	2	et	and	and_pl_sg-Vpl
1137	18	3	le	det1sg	and_pl_sg-Vpl
1138	18	4	bus	np1sg	and_pl_sg-Vpl
1139	18	5	vont	Vpl	and_pl_sg-Vpl
1140	18	7	<eos>	End	and_pl_sg-Vpl
1141	19	0	Les	det2pl	and_pl_sg-Vpl
1142	19	1	marchés	np2pl	and_pl_sg-Vpl
1143	19	2	et	and	and_pl_sg-Vpl
1144	19	3	le	det1sg	and_pl_sg-Vpl
1145	19	4	restaurant	np1sg	and_pl_sg-Vpl
1146	19	5	vont	Vpl	and_pl_sg-Vpl
1147	19	7	<eos>	End	and_pl_sg-Vpl
1148	20	0	Les	det2pl	and_pl_sg-Vpl
1149	20	1	questions	np2pl	and_pl_sg-Vpl
1150	20	2	et	and	and_pl_sg-Vpl
1151	20	3	la	det1sg	and_pl_sg-Vpl
1152	20	4	réponse	np1sg	and_pl_sg-Vpl
1153	20	5	vont	Vpl	and_pl_sg-Vpl
1154	20	7	<eos>	End	and_pl_sg-Vpl
1155	21	0	Les	det2pl	and_pl_sg-Vpl
1156	21	1	événements	np2pl	and_pl_sg-Vpl
1157	21	2	et	and	and_pl_sg-Vpl
1158	21	3	le	det1sg	and_pl_sg-Vpl
1159	21	4	spectacle	np1sg	and_pl_sg-Vpl
1160	21	5	vont	Vpl	and_pl_sg-Vpl
1161	21	7	<eos>	End	and_pl_sg-Vpl
1162	22	0	Les	det2pl	and_pl_sg-Vpl
1163	22	1	films	np2pl	and_pl_sg-Vpl
1164	22	2	et	and	and_pl_sg-Vpl
1165	22	3	le	det1sg	and_pl_sg-Vpl
1166	22	4	livre	np1sg	and_pl_sg-Vpl
1167	22	5	vont	Vpl	and_pl_sg-Vpl
1168	22	7	<eos>	End	and_pl_sg-Vpl
1169	23	0	Les	det2pl	and_pl_sg-Vpl
1170	23	1	manifestations	np2pl	and_pl_sg-Vpl
1171	23	2	et	and	and_pl_sg-Vpl
1172	23	3	la	det1sg	and_pl_sg-Vpl
1173	23	4	grève	np1sg	and_pl_sg-Vpl
1174	23	5	vont	Vpl	and_pl_sg-Vpl
1175	23	7	<eos>	End	and_pl_sg-Vpl
1176	0	0	Le	det1sg	and_sg_sg-Vpl
1177	0	1	maire	np1sg	and_sg_sg-Vpl
1178	0	2	et	and	and_sg_sg-Vpl
1179	0	3	le	det2sg	and_sg_sg-Vpl
1180	0	4	conseiller	np2sg	and_sg_sg-Vpl
1181	0	5	vont	Vpl	and_sg_sg-Vpl
1182	0	7	<eos>	End	and_sg_sg-Vpl
1183	1	0	Le	det1sg	and_sg_sg-Vpl
1184	1	1	dirigeant	np1sg	and_sg_sg-Vpl
1185	1	2	et	and	and_sg_sg-Vpl
1186	1	3	le	det2sg	and_sg_sg-Vpl
1187	1	4	joueur	np2sg	and_sg_sg-Vpl
1188	1	5	vont	Vpl	and_sg_sg-Vpl
1189	1	7	<eos>	End	and_sg_sg-Vpl
1190	2	0	Le	det1sg	and_sg_sg-Vpl
1191	2	1	président	np1sg	and_sg_sg-Vpl
1192	2	2	et	and	and_sg_sg-Vpl
1193	2	3	le	det2sg	and_sg_sg-Vpl
1194	2	4	ministre	np2sg	and_sg_sg-Vpl
1195	2	5	vont	Vpl	and_sg_sg-Vpl
1196	2	7	<eos>	End	and_sg_sg-Vpl
1197	3	0	L'	det1sg	and_sg_sg-Vpl
1198	3	1	animateur	np1sg	and_sg_sg-Vpl
1199	3	2	et	and	and_sg_sg-Vpl
1200	3	3	l'	det2sg	and_sg_sg-Vpl
1201	3	4	invité	np2sg	and_sg_sg-Vpl
1202	3	5	vont	Vpl	and_sg_sg-Vpl
1203	3	7	<eos>	End	and_sg_sg-Vpl
1204	4	0	Le	det1sg	and_sg_sg-Vpl
1205	4	1	gouverneur	np1sg	and_sg_sg-Vpl
1206	4	2	et	and	and_sg_sg-Vpl
1207	4	3	le	det2sg	and_sg_sg-Vpl
1208	4	4	préfet	np2sg	and_sg_sg-Vpl
1209	4	5	vont	Vpl	and_sg_sg-Vpl
1210	4	7	<eos>	End	and_sg_sg-Vpl
1211	5	0	Le	det1sg	and_sg_sg-Vpl
1212	5	1	bébé	np1sg	and_sg_sg-Vpl
1213	5	2	et	and	and_sg_sg-Vpl
1214	5	3	l'	det2sg	and_sg_sg-Vpl
1215	5	4	enfant	np2sg	and_sg_sg-Vpl
1216	5	5	vont	Vpl	and_sg_sg-Vpl
1217	5	7	<eos>	End	and_sg_sg-Vpl
1218	6	0	Mon	det1sg	and_sg_sg-Vpl
1219	6	1	frère	np1sg	and_sg_sg-Vpl
1220	6	2	et	and	and_sg_sg-Vpl
1221	6	3	mon	det2sg	and_sg_sg-Vpl
1222	6	4	ami	np2sg	and_sg_sg-Vpl
1223	6	5	vont	Vpl	and_sg_sg-Vpl
1224	6	7	<eos>	End	and_sg_sg-Vpl
1225	7	0	Le	det1sg	and_sg_sg-Vpl
1226	7	1	médecin	np1sg	and_sg_sg-Vpl
1227	7	2	et	and	and_sg_sg-Vpl
1228	7	3	l'	det2sg	and_sg_sg-Vpl
1229	7	4	administrateur	np2sg	and_sg_sg-Vpl
1230	7	5	vont	Vpl	and_sg_sg-Vpl
1231	7	7	<eos>	End	and_sg_sg-Vpl
1232	8	0	L'	det1sg	and_sg_sg-Vpl
1233	8	1	agent	np1sg	and_sg_sg-Vpl
1234	8	2	et	and	and_sg_sg-Vpl
1235	8	3	le	det2sg	and_sg_sg-Vpl
1236	8	4	secrétaire	np2sg	and_sg_sg-Vpl
1237	8	5	vont	Vpl	and_sg_sg-Vpl
1238	8	7	<eos>	End	and_sg_sg-Vpl
1239	9	0	Le	det1sg	and_sg_sg-Vpl
1240	9	1	patron	np1sg	and_sg_sg-Vpl
1241	9	2	et	and	and_sg_sg-Vpl
1242	9	3	le	det2sg	and_sg_sg-Vpl
1243	9	4	collègue	np2sg	and_sg_sg-Vpl
1244	9	5	vont	Vpl	and_sg_sg-Vpl
1245	9	7	<eos>	End	and_sg_sg-Vpl
1246	10	0	Le	det1sg	and_sg_sg-Vpl
1247	10	1	directeur	np1sg	and_sg_sg-Vpl
1248	10	2	et	and	and_sg_sg-Vpl
1249	10	3	l'	det2sg	and_sg_sg-Vpl
1250	10	4	employé	np2sg	and_sg_sg-Vpl
1251	10	5	vont	Vpl	and_sg_sg-Vpl
1252	10	7	<eos>	End	and_sg_sg-Vpl
1253	11	0	Le	det1sg	and_sg_sg-Vpl
1254	11	1	technicien	np1sg	and_sg_sg-Vpl
1255	11	2	et	and	and_sg_sg-Vpl
1256	11	3	l'	det2sg	and_sg_sg-Vpl
1257	11	4	ingénieur	np2sg	and_sg_sg-Vpl
1258	11	5	vont	Vpl	and_sg_sg-Vpl
1259	11	7	<eos>	End	and_sg_sg-Vpl
1260	12	0	Le	det1sg	and_sg_sg-Vpl
1261	12	1	parc	np1sg	and_sg_sg-Vpl
1262	12	2	et	and	and_sg_sg-Vpl
1263	12	3	le	det2sg	and_sg_sg-Vpl
1264	12	4	château	np2sg	and_sg_sg-Vpl
1265	12	5	vont	Vpl	and_sg_sg-Vpl
1266	12	7	<eos>	End	and_sg_sg-Vpl
1267	13	0	Le	det1sg	and_sg_sg-Vpl
1268	13	1	meeting	np1sg	and_sg_sg-Vpl
1269	13	2	et	and	and_sg_sg-Vpl
1270	13	3	le	det2sg	and_sg_sg-Vpl
1271	13	4	discours	np2sg	and_sg_sg-Vpl
1272	13	5	vont	Vpl	and_sg_sg-Vpl
1273	13	7	<eos>	End	and_sg_sg-Vpl
1274	14	0	L'	det1sg	and_sg_sg-Vpl
1275	14	1	avion	np1sg	and_sg_sg-Vpl
1276	14	2	et	and	and_sg_sg-Vpl
1277	14	3	le	det2sg	and_sg_sg-Vpl
1278	14	4	train	np2sg	and_sg_sg-Vpl
1279	14	5	vont	Vpl	and_sg_sg-Vpl
1280	14	7	<eos>	End	and_sg_sg-Vpl
1281	15	0	Le	det1sg	and_sg_sg-Vpl
1282	15	1	loyer	np1sg	and_sg_sg-Vpl
1283	15	2	et	and	and_sg_sg-Vpl
1284	15	3	le	det2sg	and_sg_sg-Vpl
1285	15	4	transport	np2sg	and_sg_sg-Vpl
1286	15	5	vont	Vpl	and_sg_sg-Vpl
1287	15	7	<eos>	End	and_sg_sg-Vpl
1288	16	0	La	det1sg	and_sg_sg-Vpl
1289	16	1	ville	np1sg	and_sg_sg-Vpl
1290	16	2	et	and	and_sg_sg-Vpl
1291	16	3	la	det2sg	and_sg_sg-Vpl
1292	16	4	région	np2sg	and_sg_sg-Vpl
1293	16	5	vont	Vpl	and_sg_sg-Vpl
1294	16	7	<eos>	End	and_sg_sg-Vpl
1295	17	0	Le	det1sg	and_sg_sg-Vpl
1296	17	1	parti	np1sg	and_sg_sg-Vpl
1297	17	2	et	and	and_sg_sg-Vpl
1298	17	3	le	det2sg	and_sg_sg-Vpl
1299	17	4	syndicat	np2sg	and_sg_sg-Vpl
1300	17	5	vont	Vpl	and_sg_sg-Vpl
1301	17	7	<eos>	End	and_sg_sg-Vpl
1302	18	0	Le	det1sg	and_sg_sg-Vpl
1303	18	1	bus	np1sg	and_sg_sg-Vpl
1304	18	2	et	and	and_sg_sg-Vpl
1305	18	3	le	det2sg	and_sg_sg-Vpl
1306	18	4	métro	np2sg	and_sg_sg-Vpl
1307	18	5	vont	Vpl	and_sg_sg-Vpl
1308	18	7	<eos>	End	and_sg_sg-Vpl
1309	19	0	Le	det1sg	and_sg_sg-Vpl
1310	19	1	restaurant	np1sg	and_sg_sg-Vpl
1311	19	2	et	and	and_sg_sg-Vpl
1312	19	3	le	det2sg	and_sg_sg-Vpl
1313	19	4	marché	np2sg	and_sg_sg-Vpl
1314	19	5	vont	Vpl	and_sg_sg-Vpl
1315	19	7	<eos>	End	and_sg_sg-Vpl
1316	20	0	La	det1sg	and_sg_sg-Vpl
1317	20	1	réponse	np1sg	and_sg_sg-Vpl
1318	20	2	et	and	and_sg_sg-Vpl
1319	20	3	la	det2sg	and_sg_sg-Vpl
1320	20	4	question	np2sg	and_sg_sg-Vpl
1321	20	5	vont	Vpl	and_sg_sg-Vpl
1322	20	7	<eos>	End	and_sg_sg-Vpl
1323	21	0	Le	det1sg	and_sg_sg-Vpl
1324	21	1	spectacle	np1sg	and_sg_sg-Vpl
1325	21	2	et	and	and_sg_sg-Vpl
1326	21	3	l'	det2sg	and_sg_sg-Vpl
1327	21	4	événement	np2sg	and_sg_sg-Vpl
1328	21	5	vont	Vpl	and_sg_sg-Vpl
1329	21	7	<eos>	End	and_sg_sg-Vpl
1330	22	0	Le	det1sg	and_sg_sg-Vpl
1331	22	1	livre	np1sg	and_sg_sg-Vpl
1332	22	2	et	and	and_sg_sg-Vpl
1333	22	3	le	det2sg	and_sg_sg-Vpl
1334	22	4	film	np2sg	and_sg_sg-Vpl
1335	22	5	vont	Vpl	and_sg_sg-Vpl
1336	22	7	<eos>	End	and_sg_sg-Vpl
1337	23	0	La	det1sg	and_sg_sg-Vpl
1338	23	1	grève	np1sg	and_sg_sg-Vpl
1339	23	2	et	and	and_sg_sg-Vpl
1340	23	3	la	det2sg	and_sg_sg-Vpl
1341	23	4	manifestation	np2sg	and_sg_sg-Vpl
1342	23	5	vont	Vpl	and_sg_sg-Vpl
1343	23	7	<eos>	End	and_sg_sg-Vpl
1344	0	0	Les	det1pl	or_pl_pl-Vsg
1345	0	1	maires	np1pl	or_pl_pl-Vsg
1346	0	2	ou	or	or_pl_pl-Vsg
1347	0	3	les	det2pl	or_pl_pl-Vsg
1348	0	4	conseillers	np2pl	or_pl_pl-Vsg
1349	0	5	va	Vsg	or_pl_pl-Vsg
1350	0	7	<eos>	End	or_pl_pl-Vsg
1351	1	0	Les	det1pl	or_pl_pl-Vsg
1352	1	1	dirigeants	np1pl	or_pl_pl-Vsg
1353	1	2	ou	or	or_pl_pl-Vsg
1354	1	3	les	det2pl	or_pl_pl-Vsg
1355	1	4	joueurs	np2pl	or_pl_pl-Vsg
1356	1	5	va	Vsg	or_pl_pl-Vsg
1357	1	7	<eos>	End	or_pl_pl-Vsg
1358	2	0	Les	det1pl	or_pl_pl-Vsg
1359	2	1	présidents	np1pl	or_pl_pl-Vsg
1360	2	2	ou	or	or_pl_pl-Vsg
1361	2	3	les	det2pl	or_pl_pl-Vsg
1362	2	4	ministres	np2pl	or_pl_pl-Vsg
1363	2	5	va	Vsg	or_pl_pl-Vsg
1364	2	7	<eos>	End	or_pl_pl-Vsg
1365	3	0	Les	det1pl	or_pl_pl-Vsg
1366	3	1	animateurs	np1pl	or_pl_pl-Vsg
1367	3	2	ou	or	or_pl_pl-Vsg
1368	3	3	les	det2pl	or_pl_pl-Vsg
1369	3	4	invités	np2pl	or_pl_pl-Vsg
1370	3	5	va	Vsg	or_pl_pl-Vsg
1371	3	7	<eos>	End	or_pl_pl-Vsg
1372	4	0	Les	det1pl	or_pl_pl-Vsg
1373	4	1	gouverneurs	np1pl	or_pl_pl-Vsg
1374	4	2	ou	or	or_pl_pl-Vsg
1375	4	3	les	det2pl	or_pl_pl-Vsg
1376	4	4	préfets	np2pl	or_pl_pl-Vsg
1377	4	5	va	Vsg	or_pl_pl-Vsg
1378	4	7	<eos>	End	or_pl_pl-Vsg
1379	5	0	Les	det1pl	or_pl_pl-Vsg
1380	5	1	bébés	np1pl	or_pl_pl-Vsg
1381	5	2	ou	or	or_pl_pl-Vsg
1382	5	3	les	det2pl	or_pl_pl-Vsg
1383	5	4	enfants	np2pl	or_pl_pl-Vsg
1384	5	5	va	Vsg	or_pl_pl-Vsg
1385	5	7	<eos>	End	or_pl_pl-Vsg
1386	6	0	Mes	det1pl	or_pl_pl-Vsg
1387	6	1	frère	np1pl	or_pl_pl-Vsg
1388	6	2	ou	or	or_pl_pl-Vsg
1389	6	3	mes	det2pl	or_pl_pl-Vsg
1390	6	4	amis	np2pl	or_pl_pl-Vsg
1391	6	5	va	Vsg	or_pl_pl-Vsg
1392	6	7	<eos>	End	or_pl_pl-Vsg
1393	7	0	Les	det1pl	or_pl_pl-Vsg
1394	7	1	médecins	np1pl	or_pl_pl-Vsg
1395	7	2	ou	or	or_pl_pl-Vsg
1396	7	3	les	det2pl	or_pl_pl-Vsg
1397	7	4	administrateurs	np2pl	or_pl_pl-Vsg
1398	7	5	va	Vsg	or_pl_pl-Vsg
1399	7	7	<eos>	End	or_pl_pl-Vsg
1400	8	0	Les	det1pl	or_pl_pl-Vsg
1401	8	1	agents	np1pl	or_pl_pl-Vsg
1402	8	2	ou	or	or_pl_pl-Vsg
1403	8	3	les	det2pl	or_pl_pl-Vsg
1404	8	4	secrétaires	np2pl	or_pl_pl-Vsg
1405	8	5	va	Vsg	or_pl_pl-Vsg
1406	8	7	<eos>	End	or_pl_pl-Vsg
1407	9	0	Les	det1pl	or_pl_pl-Vsg
1408	9	1	patrons	np1pl	or_pl_pl-Vsg
1409	9	2	ou	or	or_pl_pl-Vsg
1410	9	3	les	det2pl	or_pl_pl-Vsg
1411	9	4	collègues	np2pl	or_pl_pl-Vsg
1412	9	5	va	Vsg	or_pl_pl-Vsg
1413	9	7	<eos>	End	or_pl_pl-Vsg
1414	10	0	Les	det1pl	or_pl_pl-Vsg
1415	10	1	directeurs	np1pl	or_pl_pl-Vsg
1416	10	2	ou	or	or_pl_pl-Vsg
1417	10	3	les	det2pl	or_pl_pl-Vsg
1418	10	4	employés	np2pl	or_pl_pl-Vsg
1419	10	5	va	Vsg	or_pl_pl-Vsg
1420	10	7	<eos>	End	or_pl_pl-Vsg
1421	11	0	Les	det1pl	or_pl_pl-Vsg
1422	11	1	techniciens	np1pl	or_pl_pl-Vsg
1423	11	2	ou	or	or_pl_pl-Vsg
1424	11	3	les	det2pl	or_pl_pl-Vsg
1425	11	4	ingénieurs	np2pl	or_pl_pl-Vsg
1426	11	5	va	Vsg	or_pl_pl-Vsg
1427	11	7	<eos>	End	or_pl_pl-Vsg
1428	12	0	Les	det1pl	or_pl_pl-Vsg
1429	12	1	parcs	np1pl	or_pl_pl-Vsg
1430	12	2	ou	or	or_pl_pl-Vsg
1431	12	3	les	det2pl	or_pl_pl-Vsg
1432	12	4	châteaux	np2pl	or_pl_pl-Vsg
1433	12	5	va	Vsg	or_pl_pl-Vsg
1434	12	7	<eos>	End	or_pl_pl-Vsg
1435	13	0	Les	det1pl	or_pl_pl-Vsg
1436	13	1	meetings	np1pl	or_pl_pl-Vsg
1437	13	2	ou	or	or_pl_pl-Vsg
1438	13	3	les	det2pl	or_pl_pl-Vsg
1439	13	4	discours	np2pl	or_pl_pl-Vsg
1440	13	5	va	Vsg	or_pl_pl-Vsg
1441	13	7	<eos>	End	or_pl_pl-Vsg
1442	14	0	Les	det1pl	or_pl_pl-Vsg
1443	14	1	avions	np1pl	or_pl_pl-Vsg
1444	14	2	ou	or	or_pl_pl-Vsg
1445	14	3	les	det2pl	or_pl_pl-Vsg
1446	14	4	trains	np2pl	or_pl_pl-Vsg
1447	14	5	va	Vsg	or_pl_pl-Vsg
1448	14	7	<eos>	End	or_pl_pl-Vsg
1449	15	0	Les	det1pl	or_pl_pl-Vsg
1450	15	1	loyers	np1pl	or_pl_pl-Vsg
1451	15	2	ou	or	or_pl_pl-Vsg
1452	15	3	les	det2pl	or_pl_pl-Vsg
1453	15	4	transports	np2pl	or_pl_pl-Vsg
1454	15	5	va	Vsg	or_pl_pl-Vsg
1455	15	7	<eos>	End	or_pl_pl-Vsg
1456	16	0	Les	det1pl	or_pl_pl-Vsg
1457	16	1	villes	np1pl	or_pl_pl-Vsg
1458	16	2	ou	or	or_pl_pl-Vsg
1459	16	3	les	det2pl	or_pl_pl-Vsg
1460	16	4	régions	np2pl	or_pl_pl-Vsg
1461	16	5	va	Vsg	or_pl_pl-Vsg
1462	16	7	<eos>	End	or_pl_pl-Vsg
1463	17	0	Les	det1pl	or_pl_pl-Vsg
1464	17	1	partis	np1pl	or_pl_pl-Vsg
1465	17	2	ou	or	or_pl_pl-Vsg
1466	17	3	les	det2pl	or_pl_pl-Vsg
1467	17	4	syndicats	np2pl	or_pl_pl-Vsg
1468	17	5	va	Vsg	or_pl_pl-Vsg
1469	17	7	<eos>	End	or_pl_pl-Vsg
1470	18	0	Les	det1pl	or_pl_pl-Vsg
1471	18	1	bus	np1pl	or_pl_pl-Vsg
1472	18	2	ou	or	or_pl_pl-Vsg
1473	18	3	les	det2pl	or_pl_pl-Vsg
1474	18	4	métro	np2pl	or_pl_pl-Vsg
1475	18	5	va	Vsg	or_pl_pl-Vsg
1476	18	7	<eos>	End	or_pl_pl-Vsg
1477	19	0	Les	det1pl	or_pl_pl-Vsg
1478	19	1	restaurants	np1pl	or_pl_pl-Vsg
1479	19	2	ou	or	or_pl_pl-Vsg
1480	19	3	les	det2pl	or_pl_pl-Vsg
1481	19	4	marchés	np2pl	or_pl_pl-Vsg
1482	19	5	va	Vsg	or_pl_pl-Vsg
1483	19	7	<eos>	End	or_pl_pl-Vsg
1484	20	0	Les	det1pl	or_pl_pl-Vsg
1485	20	1	réponses	np1pl	or_pl_pl-Vsg
1486	20	2	ou	or	or_pl_pl-Vsg
1487	20	3	les	det2pl	or_pl_pl-Vsg
1488	20	4	questions	np2pl	or_pl_pl-Vsg
1489	20	5	va	Vsg	or_pl_pl-Vsg
1490	20	7	<eos>	End	or_pl_pl-Vsg
1491	21	0	Les	det1pl	or_pl_pl-Vsg
1492	21	1	spectacles	np1pl	or_pl_pl-Vsg
1493	21	2	ou	or	or_pl_pl-Vsg
1494	21	3	les	det2pl	or_pl_pl-Vsg
1495	21	4	événements	np2pl	or_pl_pl-Vsg
1496	21	5	va	Vsg	or_pl_pl-Vsg
1497	21	7	<eos>	End	or_pl_pl-Vsg
1498	22	0	Les	det1pl	or_pl_pl-Vsg
1499	22	1	livres	np1pl	or_pl_pl-Vsg
1500	22	2	ou	or	or_pl_pl-Vsg
1501	22	3	les	det2pl	or_pl_pl-Vsg
1502	22	4	films	np2pl	or_pl_pl-Vsg
1503	22	5	va	Vsg	or_pl_pl-Vsg
1504	22	7	<eos>	End	or_pl_pl-Vsg
1505	23	0	Les	det1pl	or_pl_pl-Vsg
1506	23	1	grèves	np1pl	or_pl_pl-Vsg
1507	23	2	ou	or	or_pl_pl-Vsg
1508	23	3	les	det2pl	or_pl_pl-Vsg
1509	23	4	manifestations	np2pl	or_pl_pl-Vsg
1510	23	5	va	Vsg	or_pl_pl-Vsg
1511	23	7	<eos>	End	or_pl_pl-Vsg
1512	0	0	Le	det1sg	or_sg_pl-Vsg
1513	0	1	maire	np1sg	or_sg_pl-Vsg
1514	0	2	ou	or	or_sg_pl-Vsg
1515	0	3	les	det2pl	or_sg_pl-Vsg
1516	0	4	conseillers	np2pl	or_sg_pl-Vsg
1517	0	5	va	Vsg	or_sg_pl-Vsg
1518	0	7	<eos>	End	or_sg_pl-Vsg
1519	1	0	Le	det1sg	or_sg_pl-Vsg
1520	1	1	dirigeant	np1sg	or_sg_pl-Vsg
1521	1	2	ou	or	or_sg_pl-Vsg
1522	1	3	les	det2pl	or_sg_pl-Vsg
1523	1	4	joueurs	np2pl	or_sg_pl-Vsg
1524	1	5	va	Vsg	or_sg_pl-Vsg
1525	1	7	<eos>	End	or_sg_pl-Vsg
1526	2	0	Le	det1sg	or_sg_pl-Vsg
1527	2	1	président	np1sg	or_sg_pl-Vsg
1528	2	2	ou	or	or_sg_pl-Vsg
1529	2	3	les	det2pl	or_sg_pl-Vsg
1530	2	4	ministres	np2pl	or_sg_pl-Vsg
1531	2	5	va	Vsg	or_sg_pl-Vsg
1532	2	7	<eos>	End	or_sg_pl-Vsg
1533	3	0	L'	det1sg	or_sg_pl-Vsg
1534	3	1	animateur	np1sg	or_sg_pl-Vsg
1535	3	2	ou	or	or_sg_pl-Vsg
1536	3	3	les	det2pl	or_sg_pl-Vsg
1537	3	4	invités	np2pl	or_sg_pl-Vsg
1538	3	5	va	Vsg	or_sg_pl-Vsg
1539	3	7	<eos>	End	or_sg_pl-Vsg
1540	4	0	Le	det1sg	or_sg_pl-Vsg
1541	4	1	gouverneur	np1sg	or_sg_pl-Vsg
1542	4	2	ou	or	or_sg_pl-Vsg
1543	4	3	les	det2pl	or_sg_pl-Vsg
1544	4	4	préfets	np2pl	or_sg_pl-Vsg
1545	4	5	va	Vsg	or_sg_pl-Vsg
1546	4	7	<eos>	End	or_sg_pl-Vsg
1547	5	0	Le	det1sg	or_sg_pl-Vsg
1548	5	1	bébé	np1sg	or_sg_pl-Vsg
1549	5	2	ou	or	or_sg_pl-Vsg
1550	5	3	les	det2pl	or_sg_pl-Vsg
1551	5	4	enfants	np2pl	or_sg_pl-Vsg
1552	5	5	va	Vsg	or_sg_pl-Vsg
1553	5	7	<eos>	End	or_sg_pl-Vsg
1554	6	0	Mon	det1sg	or_sg_pl-Vsg
1555	6	1	frère	np1sg	or_sg_pl-Vsg
1556	6	2	ou	or	or_sg_pl-Vsg
1557	6	3	mes	det2pl	or_sg_pl-Vsg
1558	6	4	amis	np2pl	or_sg_pl-Vsg
1559	6	5	va	Vsg	or_sg_pl-Vsg
1560	6	7	<eos>	End	or_sg_pl-Vsg
1561	7	0	Le	det1sg	or_sg_pl-Vsg
1562	7	1	médecin	np1sg	or_sg_pl-Vsg
1563	7	2	ou	or	or_sg_pl-Vsg
1564	7	3	les	det2pl	or_sg_pl-Vsg
1565	7	4	administrateurs	np2pl	or_sg_pl-Vsg
1566	7	5	va	Vsg	or_sg_pl-Vsg
1567	7	7	<eos>	End	or_sg_pl-Vsg
1568	8	0	L'	det1sg	or_sg_pl-Vsg
1569	8	1	agent	np1sg	or_sg_pl-Vsg
1570	8	2	ou	or	or_sg_pl-Vsg
1571	8	3	les	det2pl	or_sg_pl-Vsg
1572	8	4	secrétaires	np2pl	or_sg_pl-Vsg
1573	8	5	va	Vsg	or_sg_pl-Vsg
1574	8	7	<eos>	End	or_sg_pl-Vsg
1575	9	0	Le	det1sg	or_sg_pl-Vsg
1576	9	1	patron	np1sg	or_sg_pl-Vsg
1577	9	2	ou	or	or_sg_pl-Vsg
1578	9	3	les	det2pl	or_sg_pl-Vsg
1579	9	4	collègues	np2pl	or_sg_pl-Vsg
1580	9	5	va	Vsg	or_sg_pl-Vsg
1581	9	7	<eos>	End	or_sg_pl-Vsg
1582	10	0	Le	det1sg	or_sg_pl-Vsg
1583	10	1	directeur	np1sg	or_sg_pl-Vsg
1584	10	2	ou	or	or_sg_pl-Vsg
1585	10	3	les	det2pl	or_sg_pl-Vsg
1586	10	4	employés	np2pl	or_sg_pl-Vsg
1587	10	5	va	Vsg	or_sg_pl-Vsg
1588	10	7	<eos>	End	or_sg_pl-Vsg
1589	11	0	Le	det1sg	or_sg_pl-Vsg
1590	11	1	technicien	np1sg	or_sg_pl-Vsg
1591	11	2	ou	or	or_sg_pl-Vsg
1592	11	3	les	det2pl	or_sg_pl-Vsg
1593	11	4	ingénieurs	np2pl	or_sg_pl-Vsg
1594	11	5	va	Vsg	or_sg_pl-Vsg
1595	11	7	<eos>	End	or_sg_pl-Vsg
1596	12	0	Le	det1sg	or_sg_pl-Vsg
1597	12	1	parc	np1sg	or_sg_pl-Vsg
1598	12	2	ou	or	or_sg_pl-Vsg
1599	12	3	les	det2pl	or_sg_pl-Vsg
1600	12	4	châteaux	np2pl	or_sg_pl-Vsg
1601	12	5	va	Vsg	or_sg_pl-Vsg
1602	12	7	<eos>	End	or_sg_pl-Vsg
1603	13	0	Le	det1sg	or_sg_pl-Vsg
1604	13	1	meeting	np1sg	or_sg_pl-Vsg
1605	13	2	ou	or	or_sg_pl-Vsg
1606	13	3	les	det2pl	or_sg_pl-Vsg
1607	13	4	discours	np2pl	or_sg_pl-Vsg
1608	13	5	va	Vsg	or_sg_pl-Vsg
1609	13	7	<eos>	End	or_sg_pl-Vsg
1610	14	0	L'	det1sg	or_sg_pl-Vsg
1611	14	1	avion	np1sg	or_sg_pl-Vsg
1612	14	2	ou	or	or_sg_pl-Vsg
1613	14	3	les	det2pl	or_sg_pl-Vsg
1614	14	4	trains	np2pl	or_sg_pl-Vsg
1615	14	5	va	Vsg	or_sg_pl-Vsg
1616	14	7	<eos>	End	or_sg_pl-Vsg
1617	15	0	Le	det1sg	or_sg_pl-Vsg
1618	15	1	loyer	np1sg	or_sg_pl-Vsg
1619	15	2	ou	or	or_sg_pl-Vsg
1620	15	3	les	det2pl	or_sg_pl-Vsg
1621	15	4	transports	np2pl	or_sg_pl-Vsg
1622	15	5	va	Vsg	or_sg_pl-Vsg
1623	15	7	<eos>	End	or_sg_pl-Vsg
1624	16	0	La	det1sg	or_sg_pl-Vsg
1625	16	1	ville	np1sg	or_sg_pl-Vsg
1626	16	2	ou	or	or_sg_pl-Vsg
1627	16	3	les	det2pl	or_sg_pl-Vsg
1628	16	4	régions	np2pl	or_sg_pl-Vsg
1629	16	5	va	Vsg	or_sg_pl-Vsg
1630	16	7	<eos>	End	or_sg_pl-Vsg
1631	17	0	Le	det1sg	or_sg_pl-Vsg
1632	17	1	parti	np1sg	or_sg_pl-Vsg
1633	17	2	ou	or	or_sg_pl-Vsg
1634	17	3	les	det2pl	or_sg_pl-Vsg
1635	17	4	syndicats	np2pl	or_sg_pl-Vsg
1636	17	5	va	Vsg	or_sg_pl-Vsg
1637	17	7	<eos>	End	or_sg_pl-Vsg
1638	18	0	Le	det1sg	or_sg_pl-Vsg
1639	18	1	bus	np1sg	or_sg_pl-Vsg
1640	18	2	ou	or	or_sg_pl-Vsg
1641	18	3	les	det2pl	or_sg_pl-Vsg
1642	18	4	métro	np2pl	or_sg_pl-Vsg
1643	18	5	va	Vsg	or_sg_pl-Vsg
1644	18	7	<eos>	End	or_sg_pl-Vsg
1645	19	0	Le	det1sg	or_sg_pl-Vsg
1646	19	1	restaurant	np1sg	or_sg_pl-Vsg
1647	19	2	ou	or	or_sg_pl-Vsg
1648	19	3	les	det2pl	or_sg_pl-Vsg
1649	19	4	marchés	np2pl	or_sg_pl-Vsg
1650	19	5	va	Vsg	or_sg_pl-Vsg
1651	19	7	<eos>	End	or_sg_pl-Vsg
1652	20	0	La	det1sg	or_sg_pl-Vsg
1653	20	1	réponse	np1sg	or_sg_pl-Vsg
1654	20	2	ou	or	or_sg_pl-Vsg
1655	20	3	les	det2pl	or_sg_pl-Vsg
1656	20	4	questions	np2pl	or_sg_pl-Vsg
1657	20	5	va	Vsg	or_sg_pl-Vsg
1658	20	7	<eos>	End	or_sg_pl-Vsg
1659	21	0	Le	det1sg	or_sg_pl-Vsg
1660	21	1	spectacle	np1sg	or_sg_pl-Vsg
1661	21	2	ou	or	or_sg_pl-Vsg
1662	21	3	les	det2pl	or_sg_pl-Vsg
1663	21	4	événements	np2pl	or_sg_pl-Vsg
1664	21	5	va	Vsg	or_sg_pl-Vsg
1665	21	7	<eos>	End	or_sg_pl-Vsg
1666	22	0	Le	det1sg	or_sg_pl-Vsg
1667	22	1	livre	np1sg	or_sg_pl-Vsg
1668	22	2	ou	or	or_sg_pl-Vsg
1669	22	3	les	det2pl	or_sg_pl-Vsg
1670	22	4	films	np2pl	or_sg_pl-Vsg
1671	22	5	va	Vsg	or_sg_pl-Vsg
1672	22	7	<eos>	End	or_sg_pl-Vsg
1673	23	0	La	det1sg	or_sg_pl-Vsg
1674	23	1	grève	np1sg	or_sg_pl-Vsg
1675	23	2	ou	or	or_sg_pl-Vsg
1676	23	3	les	det2pl	or_sg_pl-Vsg
1677	23	4	manifestations	np2pl	or_sg_pl-Vsg
1678	23	5	va	Vsg	or_sg_pl-Vsg
1679	23	7	<eos>	End	or_sg_pl-Vsg
1680	0	0	Les	det2pl	or_pl_sg-Vsg
1681	0	1	conseillers	np2pl	or_pl_sg-Vsg
1682	0	2	ou	or	or_pl_sg-Vsg
1683	0	3	le	det1sg	or_pl_sg-Vsg
1684	0	4	maire	np1sg	or_pl_sg-Vsg
1685	0	5	va	Vsg	or_pl_sg-Vsg
1686	0	7	<eos>	End	or_pl_sg-Vsg
1687	1	0	Les	det2pl	or_pl_sg-Vsg
1688	1	1	joueurs	np2pl	or_pl_sg-Vsg
1689	1	2	ou	or	or_pl_sg-Vsg
1690	1	3	le	det1sg	or_pl_sg-Vsg
1691	1	4	dirigeant	np1sg	or_pl_sg-Vsg
1692	1	5	va	Vsg	or_pl_sg-Vsg
1693	1	7	<eos>	End	or_pl_sg-Vsg
1694	2	0	Les	det2pl	or_pl_sg-Vsg
1695	2	1	ministres	np2pl	or_pl_sg-Vsg
1696	2	2	ou	or	or_pl_sg-Vsg
1697	2	3	le	det1sg	or_pl_sg-Vsg
1698	2	4	président	np1sg	or_pl_sg-Vsg
1699	2	5	va	Vsg	or_pl_sg-Vsg
1700	2	7	<eos>	End	or_pl_sg-Vsg
1701	3	0	Les	det2pl	or_pl_sg-Vsg
1702	3	1	invités	np2pl	or_pl_sg-Vsg
1703	3	2	ou	or	or_pl_sg-Vsg
1704	3	3	l'	det1sg	or_pl_sg-Vsg
1705	3	4	animateur	np1sg	or_pl_sg-Vsg
1706	3	5	va	Vsg	or_pl_sg-Vsg
1707	3	7	<eos>	End	or_pl_sg-Vsg
1708	4	0	Les	det2pl	or_pl_sg-Vsg
1709	4	1	préfets	np2pl	or_pl_sg-Vsg
1710	4	2	ou	or	or_pl_sg-Vsg
1711	4	3	le	det1sg	or_pl_sg-Vsg
1712	4	4	gouverneur	np1sg	or_pl_sg-Vsg
1713	4	5	va	Vsg	or_pl_sg-Vsg
1714	4	7	<eos>	End	or_pl_sg-Vsg
1715	5	0	Les	det2pl	or_pl_sg-Vsg
1716	5	1	enfants	np2pl	or_pl_sg-Vsg
1717	5	2	ou	or	or_pl_sg-Vsg
1718	5	3	le	det1sg	or_pl_sg-Vsg
1719	5	4	bébé	np1sg	or_pl_sg-Vsg
1720	5	5	va	Vsg	or_pl_sg-Vsg
1721	5	7	<eos>	End	or_pl_sg-Vsg
1722	6	0	Mes	det2pl	or_pl_sg-Vsg
1723	6	1	amis	np2pl	or_pl_sg-Vsg
1724	6	2	ou	or	or_pl_sg-Vsg
1725	6	3	mon	det1sg	or_pl_sg-Vsg
1726	6	4	frère	np1sg	or_pl_sg-Vsg
1727	6	5	va	Vsg	or_pl_sg-Vsg
1728	6	7	<eos>	End	or_pl_sg-Vsg
1729	7	0	Les	det2pl	or_pl_sg-Vsg
1730	7	1	administrateurs	np2pl	or_pl_sg-Vsg
1731	7	2	ou	or	or_pl_sg-Vsg
1732	7	3	le	det1sg	or_pl_sg-Vsg
1733	7	4	médecin	np1sg	or_pl_sg-Vsg
1734	7	5	va	Vsg	or_pl_sg-Vsg
1735	7	7	<eos>	End	or_pl_sg-Vsg
1736	8	0	Les	det2pl	or_pl_sg-Vsg
1737	8	1	secrétaires	np2pl	or_pl_sg-Vsg
1738	8	2	ou	or	or_pl_sg-Vsg
1739	8	3	l'	det1sg	or_pl_sg-Vsg
1740	8	4	agent	np1sg	or_pl_sg-Vsg
1741	8	5	va	Vsg	or_pl_sg-Vsg
1742	8	7	<eos>	End	or_pl_sg-Vsg
1743	9	0	Les	det2pl	or_pl_sg-Vsg
1744	9	1	collègues	np2pl	or_pl_sg-Vsg
1745	9	2	ou	or	or_pl_sg-Vsg
1746	9	3	le	det1sg	or_pl_sg-Vsg
1747	9	4	patron	np1sg	or_pl_sg-Vsg
1748	9	5	va	Vsg	or_pl_sg-Vsg
1749	9	7	<eos>	End	or_pl_sg-Vsg
1750	10	0	Les	det2pl	or_pl_sg-Vsg
1751	10	1	employés	np2pl	or_pl_sg-Vsg
1752	10	2	ou	or	or_pl_sg-Vsg
1753	10	3	le	det1sg	or_pl_sg-Vsg
1754	10	4	directeur	np1sg	or_pl_sg-Vsg
1755	10	5	va	Vsg	or_pl_sg-Vsg
1756	10	7	<eos>	End	or_pl_sg-Vsg
1757	11	0	Les	det2pl	or_pl_sg-Vsg
1758	11	1	ingénieurs	np2pl	or_pl_sg-Vsg
1759	11	2	ou	or	or_pl_sg-Vsg
1760	11	3	le	det1sg	or_pl_sg-Vsg
1761	11	4	technicien	np1sg	or_pl_sg-Vsg
1762	11	5	va	Vsg	or_pl_sg-Vsg
1763	11	7	<eos>	End	or_pl_sg-Vsg
1764	12	0	Les	det2pl	or_pl_sg-Vsg
1765	12	1	châteaux	np2pl	or_pl_sg-Vsg
1766	12	2	ou	or	or_pl_sg-Vsg
1767	12	3	le	det1sg	or_pl_sg-Vsg
1768	12	4	parc	np1sg	or_pl_sg-Vsg
1769	12	5	va	Vsg	or_pl_sg-Vsg
1770	12	7	<eos>	End	or_pl_sg-Vsg
1771	13	0	Les	det2pl	or_pl_sg-Vsg
1772	13	1	discours	np2pl	or_pl_sg-Vsg
1773	13	2	ou	or	or_pl_sg-Vsg
1774	13	3	le	det1sg	or_pl_sg-Vsg
1775	13	4	meeting	np1sg	or_pl_sg-Vsg
1776	13	5	va	Vsg	or_pl_sg-Vsg
1777	13	7	<eos>	End	or_pl_sg-Vsg
1778	14	0	Les	det2pl	or_pl_sg-Vsg
1779	14	1	trains	np2pl	or_pl_sg-Vsg
1780	14	2	ou	or	or_pl_sg-Vsg
1781	14	3	l'	det1sg	or_pl_sg-Vsg
1782	14	4	avion	np1sg	or_pl_sg-Vsg
1783	14	5	va	Vsg	or_pl_sg-Vsg
1784	14	7	<eos>	End	or_pl_sg-Vsg
1785	15	0	Les	det2pl	or_pl_sg-Vsg
1786	15	1	transports	np2pl	or_pl_sg-Vsg
1787	15	2	ou	or	or_pl_sg-Vsg
1788	15	3	le	det1sg	or_pl_sg-Vsg
1789	15	4	loyer	np1sg	or_pl_sg-Vsg
1790	15	5	va	Vsg	or_pl_sg-Vsg
1791	15	7	<eos>	End	or_pl_sg-Vsg
1792	16	0	Les	det2pl	or_pl_sg-Vsg
1793	16	1	régions	np2pl	or_pl_sg-Vsg
1794	16	2	ou	or	or_pl_sg-Vsg
1795	16	3	la	det1sg	or_pl_sg-Vsg
1796	16	4	ville	np1sg	or_pl_sg-Vsg
1797	16	5	va	Vsg	or_pl_sg-Vsg
1798	16	7	<eos>	End	or_pl_sg-Vsg
1799	17	0	Les	det2pl	or_pl_sg-Vsg
1800	17	1	syndicats	np2pl	or_pl_sg-Vsg
1801	17	2	ou	or	or_pl_sg-Vsg
1802	17	3	le	det1sg	or_pl_sg-Vsg
1803	17	4	parti	np1sg	or_pl_sg-Vsg
1804	17	5	va	Vsg	or_pl_sg-Vsg
1805	17	7	<eos>	End	or_pl_sg-Vsg
1806	18	0	Les	det2pl	or_pl_sg-Vsg
1807	18	1	métro	np2pl	or_pl_sg-Vsg
1808	18	2	ou	or	or_pl_sg-Vsg
1809	18	3	le	det1sg	or_pl_sg-Vsg
1810	18	4	bus	np1sg	or_pl_sg-Vsg
1811	18	5	va	Vsg	or_pl_sg-Vsg
1812	18	7	<eos>	End	or_pl_sg-Vsg
1813	19	0	Les	det2pl	or_pl_sg-Vsg
1814	19	1	marchés	np2pl	or_pl_sg-Vsg
1815	19	2	ou	or	or_pl_sg-Vsg
1816	19	3	le	det1sg	or_pl_sg-Vsg
1817	19	4	restaurant	np1sg	or_pl_sg-Vsg
1818	19	5	va	Vsg	or_pl_sg-Vsg
1819	19	7	<eos>	End	or_pl_sg-Vsg
1820	20	0	Les	det2pl	or_pl_sg-Vsg
1821	20	1	questions	np2pl	or_pl_sg-Vsg
1822	20	2	ou	or	or_pl_sg-Vsg
1823	20	3	la	det1sg	or_pl_sg-Vsg
1824	20	4	réponse	np1sg	or_pl_sg-Vsg
1825	20	5	va	Vsg	or_pl_sg-Vsg
1826	20	7	<eos>	End	or_pl_sg-Vsg
1827	21	0	Les	det2pl	or_pl_sg-Vsg
1828	21	1	événements	np2pl	or_pl_sg-Vsg
1829	21	2	ou	or	or_pl_sg-Vsg
1830	21	3	le	det1sg	or_pl_sg-Vsg
1831	21	4	spectacle	np1sg	or_pl_sg-Vsg
1832	21	5	va	Vsg	or_pl_sg-Vsg
1833	21	7	<eos>	End	or_pl_sg-Vsg
1834	22	0	Les	det2pl	or_pl_sg-Vsg
1835	22	1	films	np2pl	or_pl_sg-Vsg
1836	22	2	ou	or	or_pl_sg-Vsg
1837	22	3	le	det1sg	or_pl_sg-Vsg
1838	22	4	livre	np1sg	or_pl_sg-Vsg
1839	22	5	va	Vsg	or_pl_sg-Vsg
1840	22	7	<eos>	End	or_pl_sg-Vsg
1841	23	0	Les	det2pl	or_pl_sg-Vsg
1842	23	1	manifestations	np2pl	or_pl_sg-Vsg
1843	23	2	ou	or	or_pl_sg-Vsg
1844	23	3	la	det1sg	or_pl_sg-Vsg
1845	23	4	grève	np1sg	or_pl_sg-Vsg
1846	23	5	va	Vsg	or_pl_sg-Vsg
1847	23	7	<eos>	End	or_pl_sg-Vsg
1848	0	0	Le	det1sg	or_sg_sg-Vsg
1849	0	1	maire	np1sg	or_sg_sg-Vsg
1850	0	2	ou	or	or_sg_sg-Vsg
1851	0	3	le	det2sg	or_sg_sg-Vsg
1852	0	4	conseiller	np2sg	or_sg_sg-Vsg
1853	0	5	va	Vsg	or_sg_sg-Vsg
1854	0	7	<eos>	End	or_sg_sg-Vsg
1855	1	0	Le	det1sg	or_sg_sg-Vsg
1856	1	1	dirigeant	np1sg	or_sg_sg-Vsg
1857	1	2	ou	or	or_sg_sg-Vsg
1858	1	3	le	det2sg	or_sg_sg-Vsg
1859	1	4	joueur	np2sg	or_sg_sg-Vsg
1860	1	5	va	Vsg	or_sg_sg-Vsg
1861	1	7	<eos>	End	or_sg_sg-Vsg
1862	2	0	Le	det1sg	or_sg_sg-Vsg
1863	2	1	président	np1sg	or_sg_sg-Vsg
1864	2	2	ou	or	or_sg_sg-Vsg
1865	2	3	le	det2sg	or_sg_sg-Vsg
1866	2	4	ministre	np2sg	or_sg_sg-Vsg
1867	2	5	va	Vsg	or_sg_sg-Vsg
1868	2	7	<eos>	End	or_sg_sg-Vsg
1869	3	0	L'	det1sg	or_sg_sg-Vsg
1870	3	1	animateur	np1sg	or_sg_sg-Vsg
1871	3	2	ou	or	or_sg_sg-Vsg
1872	3	3	l'	det2sg	or_sg_sg-Vsg
1873	3	4	invité	np2sg	or_sg_sg-Vsg
1874	3	5	va	Vsg	or_sg_sg-Vsg
1875	3	7	<eos>	End	or_sg_sg-Vsg
1876	4	0	Le	det1sg	or_sg_sg-Vsg
1877	4	1	gouverneur	np1sg	or_sg_sg-Vsg
1878	4	2	ou	or	or_sg_sg-Vsg
1879	4	3	le	det2sg	or_sg_sg-Vsg
1880	4	4	préfet	np2sg	or_sg_sg-Vsg
1881	4	5	va	Vsg	or_sg_sg-Vsg
1882	4	7	<eos>	End	or_sg_sg-Vsg
1883	5	0	Le	det1sg	or_sg_sg-Vsg
1884	5	1	bébé	np1sg	or_sg_sg-Vsg
1885	5	2	ou	or	or_sg_sg-Vsg
1886	5	3	l'	det2sg	or_sg_sg-Vsg
1887	5	4	enfant	np2sg	or_sg_sg-Vsg
1888	5	5	va	Vsg	or_sg_sg-Vsg
1889	5	7	<eos>	End	or_sg_sg-Vsg
1890	6	0	Mon	det1sg	or_sg_sg-Vsg
1891	6	1	frère	np1sg	or_sg_sg-Vsg
1892	6	2	ou	or	or_sg_sg-Vsg
1893	6	3	mon	det2sg	or_sg_sg-Vsg
1894	6	4	ami	np2sg	or_sg_sg-Vsg
1895	6	5	va	Vsg	or_sg_sg-Vsg
1896	6	7	<eos>	End	or_sg_sg-Vsg
1897	7	0	Le	det1sg	or_sg_sg-Vsg
1898	7	1	médecin	np1sg	or_sg_sg-Vsg
1899	7	2	ou	or	or_sg_sg-Vsg
1900	7	3	l'	det2sg	or_sg_sg-Vsg
1901	7	4	administrateur	np2sg	or_sg_sg-Vsg
1902	7	5	va	Vsg	or_sg_sg-Vsg
1903	7	7	<eos>	End	or_sg_sg-Vsg
1904	8	0	L'	det1sg	or_sg_sg-Vsg
1905	8	1	agent	np1sg	or_sg_sg-Vsg
1906	8	2	ou	or	or_sg_sg-Vsg
1907	8	3	le	det2sg	or_sg_sg-Vsg
1908	8	4	secrétaire	np2sg	or_sg_sg-Vsg
1909	8	5	va	Vsg	or_sg_sg-Vsg
1910	8	7	<eos>	End	or_sg_sg-Vsg
1911	9	0	Le	det1sg	or_sg_sg-Vsg
1912	9	1	patron	np1sg	or_sg_sg-Vsg
1913	9	2	ou	or	or_sg_sg-Vsg
1914	9	3	le	det2sg	or_sg_sg-Vsg
1915	9	4	collègue	np2sg	or_sg_sg-Vsg
1916	9	5	va	Vsg	or_sg_sg-Vsg
1917	9	7	<eos>	End	or_sg_sg-Vsg
1918	10	0	Le	det1sg	or_sg_sg-Vsg
1919	10	1	directeur	np1sg	or_sg_sg-Vsg
1920	10	2	ou	or	or_sg_sg-Vsg
1921	10	3	l'	det2sg	or_sg_sg-Vsg
1922	10	4	employé	np2sg	or_sg_sg-Vsg
1923	10	5	va	Vsg	or_sg_sg-Vsg
1924	10	7	<eos>	End	or_sg_sg-Vsg
1925	11	0	Le	det1sg	or_sg_sg-Vsg
1926	11	1	technicien	np1sg	or_sg_sg-Vsg
1927	11	2	ou	or	or_sg_sg-Vsg
1928	11	3	l'	det2sg	or_sg_sg-Vsg
1929	11	4	ingénieur	np2sg	or_sg_sg-Vsg
1930	11	5	va	Vsg	or_sg_sg-Vsg
1931	11	7	<eos>	End	or_sg_sg-Vsg
1932	12	0	Le	det1sg	or_sg_sg-Vsg
1933	12	1	parc	np1sg	or_sg_sg-Vsg
1934	12	2	ou	or	or_sg_sg-Vsg
1935	12	3	le	det2sg	or_sg_sg-Vsg
1936	12	4	château	np2sg	or_sg_sg-Vsg
1937	12	5	va	Vsg	or_sg_sg-Vsg
1938	12	7	<eos>	End	or_sg_sg-Vsg
1939	13	0	Le	det1sg	or_sg_sg-Vsg
1940	13	1	meeting	np1sg	or_sg_sg-Vsg
1941	13	2	ou	or	or_sg_sg-Vsg
1942	13	3	le	det2sg	or_sg_sg-Vsg
1943	13	4	discours	np2sg	or_sg_sg-Vsg
1944	13	5	va	Vsg	or_sg_sg-Vsg
1945	13	7	<eos>	End	or_sg_sg-Vsg
1946	14	0	L'	det1sg	or_sg_sg-Vsg
1947	14	1	avion	np1sg	or_sg_sg-Vsg
1948	14	2	ou	or	or_sg_sg-Vsg
1949	14	3	le	det2sg	or_sg_sg-Vsg
1950	14	4	train	np2sg	or_sg_sg-Vsg
1951	14	5	va	Vsg	or_sg_sg-Vsg
1952	14	7	<eos>	End	or_sg_sg-Vsg
1953	15	0	Le	det1sg	or_sg_sg-Vsg
1954	15	1	loyer	np1sg	or_sg_sg-Vsg
1955	15	2	ou	or	or_sg_sg-Vsg
1956	15	3	le	det2sg	or_sg_sg-Vsg
1957	15	4	transport	np2sg	or_sg_sg-Vsg
1958	15	5	va	Vsg	or_sg_sg-Vsg
1959	15	7	<eos>	End	or_sg_sg-Vsg
1960	16	0	La	det1sg	or_sg_sg-Vsg
1961	16	1	ville	np1sg	or_sg_sg-Vsg
1962	16	2	ou	or	or_sg_sg-Vsg
1963	16	3	la	det2sg	or_sg_sg-Vsg
1964	16	4	région	np2sg	or_sg_sg-Vsg
1965	16	5	va	Vsg	or_sg_sg-Vsg
1966	16	7	<eos>	End	or_sg_sg-Vsg
1967	17	0	Le	det1sg	or_sg_sg-Vsg
1968	17	1	parti	np1sg	or_sg_sg-Vsg
1969	17	2	ou	or	or_sg_sg-Vsg
1970	17	3	le	det2sg	or_sg_sg-Vsg
1971	17	4	syndicat	np2sg	or_sg_sg-Vsg
1972	17	5	va	Vsg	or_sg_sg-Vsg
1973	17	7	<eos>	End	or_sg_sg-Vsg
1974	18	0	Le	det1sg	or_sg_sg-Vsg
1975	18	1	bus	np1sg	or_sg_sg-Vsg
1976	18	2	ou	or	or_sg_sg-Vsg
1977	18	3	le	det2sg	or_sg_sg-Vsg
1978	18	4	métro	np2sg	or_sg_sg-Vsg
1979	18	5	va	Vsg	or_sg_sg-Vsg
1980	18	7	<eos>	End	or_sg_sg-Vsg
1981	19	0	Le	det1sg	or_sg_sg-Vsg
1982	19	1	restaurant	np1sg	or_sg_sg-Vsg
1983	19	2	ou	or	or_sg_sg-Vsg
1984	19	3	le	det2sg	or_sg_sg-Vsg
1985	19	4	marché	np2sg	or_sg_sg-Vsg
1986	19	5	va	Vsg	or_sg_sg-Vsg
1987	19	7	<eos>	End	or_sg_sg-Vsg
1988	20	0	La	det1sg	or_sg_sg-Vsg
1989	20	1	réponse	np1sg	or_sg_sg-Vsg
1990	20	2	ou	or	or_sg_sg-Vsg
1991	20	3	la	det2sg	or_sg_sg-Vsg
1992	20	4	question	np2sg	or_sg_sg-Vsg
1993	20	5	va	Vsg	or_sg_sg-Vsg
1994	20	7	<eos>	End	or_sg_sg-Vsg
1995	21	0	Le	det1sg	or_sg_sg-Vsg
1996	21	1	spectacle	np1sg	or_sg_sg-Vsg
1997	21	2	ou	or	or_sg_sg-Vsg
1998	21	3	l'	det2sg	or_sg_sg-Vsg
1999	21	4	événement	np2sg	or_sg_sg-Vsg
2000	21	5	va	Vsg	or_sg_sg-Vsg
2001	21	7	<eos>	End	or_sg_sg-Vsg
2002	22	0	Le	det1sg	or_sg_sg-Vsg
2003	22	1	livre	np1sg	or_sg_sg-Vsg
2004	22	2	ou	or	or_sg_sg-Vsg
2005	22	3	le	det2sg	or_sg_sg-Vsg
2006	22	4	film	np2sg	or_sg_sg-Vsg
2007	22	5	va	Vsg	or_sg_sg-Vsg
2008	22	7	<eos>	End	or_sg_sg-Vsg
2009	23	0	La	det1sg	or_sg_sg-Vsg
2010	23	1	grève	np1sg	or_sg_sg-Vsg
2011	23	2	ou	or	or_sg_sg-Vsg
2012	23	3	la	det2sg	or_sg_sg-Vsg
2013	23	4	manifestation	np2sg	or_sg_sg-Vsg
2014	23	5	va	Vsg	or_sg_sg-Vsg
2015	23	7	<eos>	End	or_sg_sg-Vsg
2016	0	0	Les	det1pl	or_pl_pl-Vpl
2017	0	1	maires	np1pl	or_pl_pl-Vpl
2018	0	2	ou	or	or_pl_pl-Vpl
2019	0	3	les	det2pl	or_pl_pl-Vpl
2020	0	4	conseillers	np2pl	or_pl_pl-Vpl
2021	0	5	vont	Vpl	or_pl_pl-Vpl
2022	0	7	<eos>	End	or_pl_pl-Vpl
2023	1	0	Les	det1pl	or_pl_pl-Vpl
2024	1	1	dirigeants	np1pl	or_pl_pl-Vpl
2025	1	2	ou	or	or_pl_pl-Vpl
2026	1	3	les	det2pl	or_pl_pl-Vpl
2027	1	4	joueurs	np2pl	or_pl_pl-Vpl
2028	1	5	vont	Vpl	or_pl_pl-Vpl
2029	1	7	<eos>	End	or_pl_pl-Vpl
2030	2	0	Les	det1pl	or_pl_pl-Vpl
2031	2	1	présidents	np1pl	or_pl_pl-Vpl
2032	2	2	ou	or	or_pl_pl-Vpl
2033	2	3	les	det2pl	or_pl_pl-Vpl
2034	2	4	ministres	np2pl	or_pl_pl-Vpl
2035	2	5	vont	Vpl	or_pl_pl-Vpl
2036	2	7	<eos>	End	or_pl_pl-Vpl
2037	3	0	Les	det1pl	or_pl_pl-Vpl
2038	3	1	animateurs	np1pl	or_pl_pl-Vpl
2039	3	2	ou	or	or_pl_pl-Vpl
2040	3	3	les	det2pl	or_pl_pl-Vpl
2041	3	4	invités	np2pl	or_pl_pl-Vpl
2042	3	5	vont	Vpl	or_pl_pl-Vpl
2043	3	7	<eos>	End	or_pl_pl-Vpl
2044	4	0	Les	det1pl	or_pl_pl-Vpl
2045	4	1	gouverneurs	np1pl	or_pl_pl-Vpl
2046	4	2	ou	or	or_pl_pl-Vpl
2047	4	3	les	det2pl	or_pl_pl-Vpl
2048	4	4	préfets	np2pl	or_pl_pl-Vpl
2049	4	5	vont	Vpl	or_pl_pl-Vpl
2050	4	7	<eos>	End	or_pl_pl-Vpl
2051	5	0	Les	det1pl	or_pl_pl-Vpl
2052	5	1	bébés	np1pl	or_pl_pl-Vpl
2053	5	2	ou	or	or_pl_pl-Vpl
2054	5	3	les	det2pl	or_pl_pl-Vpl
2055	5	4	enfants	np2pl	or_pl_pl-Vpl
2056	5	5	vont	Vpl	or_pl_pl-Vpl
2057	5	7	<eos>	End	or_pl_pl-Vpl
2058	6	0	Mes	det1pl	or_pl_pl-Vpl
2059	6	1	frère	np1pl	or_pl_pl-Vpl
2060	6	2	ou	or	or_pl_pl-Vpl
2061	6	3	mes	det2pl	or_pl_pl-Vpl
2062	6	4	amis	np2pl	or_pl_pl-Vpl
2063	6	5	vont	Vpl	or_pl_pl-Vpl
2064	6	7	<eos>	End	or_pl_pl-Vpl
2065	7	0	Les	det1pl	or_pl_pl-Vpl
2066	7	1	médecins	np1pl	or_pl_pl-Vpl
2067	7	2	ou	or	or_pl_pl-Vpl
2068	7	3	les	det2pl	or_pl_pl-Vpl
2069	7	4	administrateurs	np2pl	or_pl_pl-Vpl
2070	7	5	vont	Vpl	or_pl_pl-Vpl
2071	7	7	<eos>	End	or_pl_pl-Vpl
2072	8	0	Les	det1pl	or_pl_pl-Vpl
2073	8	1	agents	np1pl	or_pl_pl-Vpl
2074	8	2	ou	or	or_pl_pl-Vpl
2075	8	3	les	det2pl	or_pl_pl-Vpl
2076	8	4	secrétaires	np2pl	or_pl_pl-Vpl
2077	8	5	vont	Vpl	or_pl_pl-Vpl
2078	8	7	<eos>	End	or_pl_pl-Vpl
2079	9	0	Les	det1pl	or_pl_pl-Vpl
2080	9	1	patrons	np1pl	or_pl_pl-Vpl
2081	9	2	ou	or	or_pl_pl-Vpl
2082	9	3	les	det2pl	or_pl_pl-Vpl
2083	9	4	collègues	np2pl	or_pl_pl-Vpl
2084	9	5	vont	Vpl	or_pl_pl-Vpl
2085	9	7	<eos>	End	or_pl_pl-Vpl
2086	10	0	Les	det1pl	or_pl_pl-Vpl
2087	10	1	directeurs	np1pl	or_pl_pl-Vpl
2088	10	2	ou	or	or_pl_pl-Vpl
2089	10	3	les	det2pl	or_pl_pl-Vpl
2090	10	4	employés	np2pl	or_pl_pl-Vpl
2091	10	5	vont	Vpl	or_pl_pl-Vpl
2092	10	7	<eos>	End	or_pl_pl-Vpl
2093	11	0	Les	det1pl	or_pl_pl-Vpl
2094	11	1	techniciens	np1pl	or_pl_pl-Vpl
2095	11	2	ou	or	or_pl_pl-Vpl
2096	11	3	les	det2pl	or_pl_pl-Vpl
2097	11	4	ingénieurs	np2pl	or_pl_pl-Vpl
2098	11	5	vont	Vpl	or_pl_pl-Vpl
2099	11	7	<eos>	End	or_pl_pl-Vpl
2100	12	0	Les	det1pl	or_pl_pl-Vpl
2101	12	1	parcs	np1pl	or_pl_pl-Vpl
2102	12	2	ou	or	or_pl_pl-Vpl
2103	12	3	les	det2pl	or_pl_pl-Vpl
2104	12	4	châteaux	np2pl	or_pl_pl-Vpl
2105	12	5	vont	Vpl	or_pl_pl-Vpl
2106	12	7	<eos>	End	or_pl_pl-Vpl
2107	13	0	Les	det1pl	or_pl_pl-Vpl
2108	13	1	meetings	np1pl	or_pl_pl-Vpl
2109	13	2	ou	or	or_pl_pl-Vpl
2110	13	3	les	det2pl	or_pl_pl-Vpl
2111	13	4	discours	np2pl	or_pl_pl-Vpl
2112	13	5	vont	Vpl	or_pl_pl-Vpl
2113	13	7	<eos>	End	or_pl_pl-Vpl
2114	14	0	Les	det1pl	or_pl_pl-Vpl
2115	14	1	avions	np1pl	or_pl_pl-Vpl
2116	14	2	ou	or	or_pl_pl-Vpl
2117	14	3	les	det2pl	or_pl_pl-Vpl
2118	14	4	trains	np2pl	or_pl_pl-Vpl
2119	14	5	vont	Vpl	or_pl_pl-Vpl
2120	14	7	<eos>	End	or_pl_pl-Vpl
2121	15	0	Les	det1pl	or_pl_pl-Vpl
2122	15	1	loyers	np1pl	or_pl_pl-Vpl
2123	15	2	ou	or	or_pl_pl-Vpl
2124	15	3	les	det2pl	or_pl_pl-Vpl
2125	15	4	transports	np2pl	or_pl_pl-Vpl
2126	15	5	vont	Vpl	or_pl_pl-Vpl
2127	15	7	<eos>	End	or_pl_pl-Vpl
2128	16	0	Les	det1pl	or_pl_pl-Vpl
2129	16	1	villes	np1pl	or_pl_pl-Vpl
2130	16	2	ou	or	or_pl_pl-Vpl
2131	16	3	les	det2pl	or_pl_pl-Vpl
2132	16	4	régions	np2pl	or_pl_pl-Vpl
2133	16	5	vont	Vpl	or_pl_pl-Vpl
2134	16	7	<eos>	End	or_pl_pl-Vpl
2135	17	0	Les	det1pl	or_pl_pl-Vpl
2136	17	1	partis	np1pl	or_pl_pl-Vpl
2137	17	2	ou	or	or_pl_pl-Vpl
2138	17	3	les	det2pl	or_pl_pl-Vpl
2139	17	4	syndicats	np2pl	or_pl_pl-Vpl
2140	17	5	vont	Vpl	or_pl_pl-Vpl
2141	17	7	<eos>	End	or_pl_pl-Vpl
2142	18	0	Les	det1pl	or_pl_pl-Vpl
2143	18	1	bus	np1pl	or_pl_pl-Vpl
2144	18	2	ou	or	or_pl_pl-Vpl
2145	18	3	les	det2pl	or_pl_pl-Vpl
2146	18	4	métro	np2pl	or_pl_pl-Vpl
2147	18	5	vont	Vpl	or_pl_pl-Vpl
2148	18	7	<eos>	End	or_pl_pl-Vpl
2149	19	0	Les	det1pl	or_pl_pl-Vpl
2150	19	1	restaurants	np1pl	or_pl_pl-Vpl
2151	19	2	ou	or	or_pl_pl-Vpl
2152	19	3	les	det2pl	or_pl_pl-Vpl
2153	19	4	marchés	np2pl	or_pl_pl-Vpl
2154	19	5	vont	Vpl	or_pl_pl-Vpl
2155	19	7	<eos>	End	or_pl_pl-Vpl
2156	20	0	Les	det1pl	or_pl_pl-Vpl
2157	20	1	réponses	np1pl	or_pl_pl-Vpl
2158	20	2	ou	or	or_pl_pl-Vpl
2159	20	3	les	det2pl	or_pl_pl-Vpl
2160	20	4	questions	np2pl	or_pl_pl-Vpl
2161	20	5	vont	Vpl	or_pl_pl-Vpl
2162	20	7	<eos>	End	or_pl_pl-Vpl
2163	21	0	Les	det1pl	or_pl_pl-Vpl
2164	21	1	spectacles	np1pl	or_pl_pl-Vpl
2165	21	2	ou	or	or_pl_pl-Vpl
2166	21	3	les	det2pl	or_pl_pl-Vpl
2167	21	4	événements	np2pl	or_pl_pl-Vpl
2168	21	5	vont	Vpl	or_pl_pl-Vpl
2169	21	7	<eos>	End	or_pl_pl-Vpl
2170	22	0	Les	det1pl	or_pl_pl-Vpl
2171	22	1	livres	np1pl	or_pl_pl-Vpl
2172	22	2	ou	or	or_pl_pl-Vpl
2173	22	3	les	det2pl	or_pl_pl-Vpl
2174	22	4	films	np2pl	or_pl_pl-Vpl
2175	22	5	vont	Vpl	or_pl_pl-Vpl
2176	22	7	<eos>	End	or_pl_pl-Vpl
2177	23	0	Les	det1pl	or_pl_pl-Vpl
2178	23	1	grèves	np1pl	or_pl_pl-Vpl
2179	23	2	ou	or	or_pl_pl-Vpl
2180	23	3	les	det2pl	or_pl_pl-Vpl
2181	23	4	manifestations	np2pl	or_pl_pl-Vpl
2182	23	5	vont	Vpl	or_pl_pl-Vpl
2183	23	7	<eos>	End	or_pl_pl-Vpl
2184	0	0	Le	det1sg	or_sg_pl-Vpl
2185	0	1	maire	np1sg	or_sg_pl-Vpl
2186	0	2	ou	or	or_sg_pl-Vpl
2187	0	3	les	det2pl	or_sg_pl-Vpl
2188	0	4	conseillers	np2pl	or_sg_pl-Vpl
2189	0	5	vont	Vpl	or_sg_pl-Vpl
2190	0	7	<eos>	End	or_sg_pl-Vpl
2191	1	0	Le	det1sg	or_sg_pl-Vpl
2192	1	1	dirigeant	np1sg	or_sg_pl-Vpl
2193	1	2	ou	or	or_sg_pl-Vpl
2194	1	3	les	det2pl	or_sg_pl-Vpl
2195	1	4	joueurs	np2pl	or_sg_pl-Vpl
2196	1	5	vont	Vpl	or_sg_pl-Vpl
2197	1	7	<eos>	End	or_sg_pl-Vpl
2198	2	0	Le	det1sg	or_sg_pl-Vpl
2199	2	1	président	np1sg	or_sg_pl-Vpl
2200	2	2	ou	or	or_sg_pl-Vpl
2201	2	3	les	det2pl	or_sg_pl-Vpl
2202	2	4	ministres	np2pl	or_sg_pl-Vpl
2203	2	5	vont	Vpl	or_sg_pl-Vpl
2204	2	7	<eos>	End	or_sg_pl-Vpl
2205	3	0	L'	det1sg	or_sg_pl-Vpl
2206	3	1	animateur	np1sg	or_sg_pl-Vpl
2207	3	2	ou	or	or_sg_pl-Vpl
2208	3	3	les	det2pl	or_sg_pl-Vpl
2209	3	4	invités	np2pl	or_sg_pl-Vpl
2210	3	5	vont	Vpl	or_sg_pl-Vpl
2211	3	7	<eos>	End	or_sg_pl-Vpl
2212	4	0	Le	det1sg	or_sg_pl-Vpl
2213	4	1	gouverneur	np1sg	or_sg_pl-Vpl
2214	4	2	ou	or	or_sg_pl-Vpl
2215	4	3	les	det2pl	or_sg_pl-Vpl
2216	4	4	préfets	np2pl	or_sg_pl-Vpl
2217	4	5	vont	Vpl	or_sg_pl-Vpl
2218	4	7	<eos>	End	or_sg_pl-Vpl
2219	5	0	Le	det1sg	or_sg_pl-Vpl
2220	5	1	bébé	np1sg	or_sg_pl-Vpl
2221	5	2	ou	or	or_sg_pl-Vpl
2222	5	3	les	det2pl	or_sg_pl-Vpl
2223	5	4	enfants	np2pl	or_sg_pl-Vpl
2224	5	5	vont	Vpl	or_sg_pl-Vpl
2225	5	7	<eos>	End	or_sg_pl-Vpl
2226	6	0	Mon	det1sg	or_sg_pl-Vpl
2227	6	1	frère	np1sg	or_sg_pl-Vpl
2228	6	2	ou	or	or_sg_pl-Vpl
2229	6	3	mes	det2pl	or_sg_pl-Vpl
2230	6	4	amis	np2pl	or_sg_pl-Vpl
2231	6	5	vont	Vpl	or_sg_pl-Vpl
2232	6	7	<eos>	End	or_sg_pl-Vpl
2233	7	0	Le	det1sg	or_sg_pl-Vpl
2234	7	1	médecin	np1sg	or_sg_pl-Vpl
2235	7	2	ou	or	or_sg_pl-Vpl
2236	7	3	les	det2pl	or_sg_pl-Vpl
2237	7	4	administrateurs	np2pl	or_sg_pl-Vpl
2238	7	5	vont	Vpl	or_sg_pl-Vpl
2239	7	7	<eos>	End	or_sg_pl-Vpl
2240	8	0	L'	det1sg	or_sg_pl-Vpl
2241	8	1	agent	np1sg	or_sg_pl-Vpl
2242	8	2	ou	or	or_sg_pl-Vpl
2243	8	3	les	det2pl	or_sg_pl-Vpl
2244	8	4	secrétaires	np2pl	or_sg_pl-Vpl
2245	8	5	vont	Vpl	or_sg_pl-Vpl
2246	8	7	<eos>	End	or_sg_pl-Vpl
2247	9	0	Le	det1sg	or_sg_pl-Vpl
2248	9	1	patron	np1sg	or_sg_pl-Vpl
2249	9	2	ou	or	or_sg_pl-Vpl
2250	9	3	les	det2pl	or_sg_pl-Vpl
2251	9	4	collègues	np2pl	or_sg_pl-Vpl
2252	9	5	vont	Vpl	or_sg_pl-Vpl
2253	9	7	<eos>	End	or_sg_pl-Vpl
2254	10	0	Le	det1sg	or_sg_pl-Vpl
2255	10	1	directeur	np1sg	or_sg_pl-Vpl
2256	10	2	ou	or	or_sg_pl-Vpl
2257	10	3	les	det2pl	or_sg_pl-Vpl
2258	10	4	employés	np2pl	or_sg_pl-Vpl
2259	10	5	vont	Vpl	or_sg_pl-Vpl
2260	10	7	<eos>	End	or_sg_pl-Vpl
2261	11	0	Le	det1sg	or_sg_pl-Vpl
2262	11	1	technicien	np1sg	or_sg_pl-Vpl
2263	11	2	ou	or	or_sg_pl-Vpl
2264	11	3	les	det2pl	or_sg_pl-Vpl
2265	11	4	ingénieurs	np2pl	or_sg_pl-Vpl
2266	11	5	vont	Vpl	or_sg_pl-Vpl
2267	11	7	<eos>	End	or_sg_pl-Vpl
2268	12	0	Le	det1sg	or_sg_pl-Vpl
2269	12	1	parc	np1sg	or_sg_pl-Vpl
2270	12	2	ou	or	or_sg_pl-Vpl
2271	12	3	les	det2pl	or_sg_pl-Vpl
2272	12	4	châteaux	np2pl	or_sg_pl-Vpl
2273	12	5	vont	Vpl	or_sg_pl-Vpl
2274	12	7	<eos>	End	or_sg_pl-Vpl
2275	13	0	Le	det1sg	or_sg_pl-Vpl
2276	13	1	meeting	np1sg	or_sg_pl-Vpl
2277	13	2	ou	or	or_sg_pl-Vpl
2278	13	3	les	det2pl	or_sg_pl-Vpl
2279	13	4	discours	np2pl	or_sg_pl-Vpl
2280	13	5	vont	Vpl	or_sg_pl-Vpl
2281	13	7	<eos>	End	or_sg_pl-Vpl
2282	14	0	L'	det1sg	or_sg_pl-Vpl
2283	14	1	avion	np1sg	or_sg_pl-Vpl
2284	14	2	ou	or	or_sg_pl-Vpl
2285	14	3	les	det2pl	or_sg_pl-Vpl
2286	14	4	trains	np2pl	or_sg_pl-Vpl
2287	14	5	vont	Vpl	or_sg_pl-Vpl
2288	14	7	<eos>	End	or_sg_pl-Vpl
2289	15	0	Le	det1sg	or_sg_pl-Vpl
2290	15	1	loyer	np1sg	or_sg_pl-Vpl
2291	15	2	ou	or	or_sg_pl-Vpl
2292	15	3	les	det2pl	or_sg_pl-Vpl
2293	15	4	transports	np2pl	or_sg_pl-Vpl
2294	15	5	vont	Vpl	or_sg_pl-Vpl
2295	15	7	<eos>	End	or_sg_pl-Vpl
2296	16	0	La	det1sg	or_sg_pl-Vpl
2297	16	1	ville	np1sg	or_sg_pl-Vpl
2298	16	2	ou	or	or_sg_pl-Vpl
2299	16	3	les	det2pl	or_sg_pl-Vpl
2300	16	4	régions	np2pl	or_sg_pl-Vpl
2301	16	5	vont	Vpl	or_sg_pl-Vpl
2302	16	7	<eos>	End	or_sg_pl-Vpl
2303	17	0	Le	det1sg	or_sg_pl-Vpl
2304	17	1	parti	np1sg	or_sg_pl-Vpl
2305	17	2	ou	or	or_sg_pl-Vpl
2306	17	3	les	det2pl	or_sg_pl-Vpl
2307	17	4	syndicats	np2pl	or_sg_pl-Vpl
2308	17	5	vont	Vpl	or_sg_pl-Vpl
2309	17	7	<eos>	End	or_sg_pl-Vpl
2310	18	0	Le	det1sg	or_sg_pl-Vpl
2311	18	1	bus	np1sg	or_sg_pl-Vpl
2312	18	2	ou	or	or_sg_pl-Vpl
2313	18	3	les	det2pl	or_sg_pl-Vpl
2314	18	4	métro	np2pl	or_sg_pl-Vpl
2315	18	5	vont	Vpl	or_sg_pl-Vpl
2316	18	7	<eos>	End	or_sg_pl-Vpl
2317	19	0	Le	det1sg	or_sg_pl-Vpl
2318	19	1	restaurant	np1sg	or_sg_pl-Vpl
2319	19	2	ou	or	or_sg_pl-Vpl
2320	19	3	les	det2pl	or_sg_pl-Vpl
2321	19	4	marchés	np2pl	or_sg_pl-Vpl
2322	19	5	vont	Vpl	or_sg_pl-Vpl
2323	19	7	<eos>	End	or_sg_pl-Vpl
2324	20	0	La	det1sg	or_sg_pl-Vpl
2325	20	1	réponse	np1sg	or_sg_pl-Vpl
2326	20	2	ou	or	or_sg_pl-Vpl
2327	20	3	les	det2pl	or_sg_pl-Vpl
2328	20	4	questions	np2pl	or_sg_pl-Vpl
2329	20	5	vont	Vpl	or_sg_pl-Vpl
2330	20	7	<eos>	End	or_sg_pl-Vpl
2331	21	0	Le	det1sg	or_sg_pl-Vpl
2332	21	1	spectacle	np1sg	or_sg_pl-Vpl
2333	21	2	ou	or	or_sg_pl-Vpl
2334	21	3	les	det2pl	or_sg_pl-Vpl
2335	21	4	événements	np2pl	or_sg_pl-Vpl
2336	21	5	vont	Vpl	or_sg_pl-Vpl
2337	21	7	<eos>	End	or_sg_pl-Vpl
2338	22	0	Le	det1sg	or_sg_pl-Vpl
2339	22	1	livre	np1sg	or_sg_pl-Vpl
2340	22	2	ou	or	or_sg_pl-Vpl
2341	22	3	les	det2pl	or_sg_pl-Vpl
2342	22	4	films	np2pl	or_sg_pl-Vpl
2343	22	5	vont	Vpl	or_sg_pl-Vpl
2344	22	7	<eos>	End	or_sg_pl-Vpl
2345	23	0	La	det1sg	or_sg_pl-Vpl
2346	23	1	grève	np1sg	or_sg_pl-Vpl
2347	23	2	ou	or	or_sg_pl-Vpl
2348	23	3	les	det2pl	or_sg_pl-Vpl
2349	23	4	manifestations	np2pl	or_sg_pl-Vpl
2350	23	5	vont	Vpl	or_sg_pl-Vpl
2351	23	7	<eos>	End	or_sg_pl-Vpl
2352	0	0	Les	det2pl	or_pl_sg-Vpl
2353	0	1	conseillers	np2pl	or_pl_sg-Vpl
2354	0	2	ou	or	or_pl_sg-Vpl
2355	0	3	le	det1sg	or_pl_sg-Vpl
2356	0	4	maire	np1sg	or_pl_sg-Vpl
2357	0	5	vont	Vpl	or_pl_sg-Vpl
2358	0	7	<eos>	End	or_pl_sg-Vpl
2359	1	0	Les	det2pl	or_pl_sg-Vpl
2360	1	1	joueurs	np2pl	or_pl_sg-Vpl
2361	1	2	ou	or	or_pl_sg-Vpl
2362	1	3	le	det1sg	or_pl_sg-Vpl
2363	1	4	dirigeant	np1sg	or_pl_sg-Vpl
2364	1	5	vont	Vpl	or_pl_sg-Vpl
2365	1	7	<eos>	End	or_pl_sg-Vpl
2366	2	0	Les	det2pl	or_pl_sg-Vpl
2367	2	1	ministres	np2pl	or_pl_sg-Vpl
2368	2	2	ou	or	or_pl_sg-Vpl
2369	2	3	le	det1sg	or_pl_sg-Vpl
2370	2	4	président	np1sg	or_pl_sg-Vpl
2371	2	5	vont	Vpl	or_pl_sg-Vpl
2372	2	7	<eos>	End	or_pl_sg-Vpl
2373	3	0	Les	det2pl	or_pl_sg-Vpl
2374	3	1	invités	np2pl	or_pl_sg-Vpl
2375	3	2	ou	or	or_pl_sg-Vpl
2376	3	3	l'	det1sg	or_pl_sg-Vpl
2377	3	4	animateur	np1sg	or_pl_sg-Vpl
2378	3	5	vont	Vpl	or_pl_sg-Vpl
2379	3	7	<eos>	End	or_pl_sg-Vpl
2380	4	0	Les	det2pl	or_pl_sg-Vpl
2381	4	1	préfets	np2pl	or_pl_sg-Vpl
2382	4	2	ou	or	or_pl_sg-Vpl
2383	4	3	le	det1sg	or_pl_sg-Vpl
2384	4	4	gouverneur	np1sg	or_pl_sg-Vpl
2385	4	5	vont	Vpl	or_pl_sg-Vpl
2386	4	7	<eos>	End	or_pl_sg-Vpl
2387	5	0	Les	det2pl	or_pl_sg-Vpl
2388	5	1	enfants	np2pl	or_pl_sg-Vpl
2389	5	2	ou	or	or_pl_sg-Vpl
2390	5	3	le	det1sg	or_pl_sg-Vpl
2391	5	4	bébé	np1sg	or_pl_sg-Vpl
2392	5	5	vont	Vpl	or_pl_sg-Vpl
2393	5	7	<eos>	End	or_pl_sg-Vpl
2394	6	0	Mes	det2pl	or_pl_sg-Vpl
2395	6	1	amis	np2pl	or_pl_sg-Vpl
2396	6	2	ou	or	or_pl_sg-Vpl
2397	6	3	mon	det1sg	or_pl_sg-Vpl
2398	6	4	frère	np1sg	or_pl_sg-Vpl
2399	6	5	vont	Vpl	or_pl_sg-Vpl
2400	6	7	<eos>	End	or_pl_sg-Vpl
2401	7	0	Les	det2pl	or_pl_sg-Vpl
2402	7	1	administrateurs	np2pl	or_pl_sg-Vpl
2403	7	2	ou	or	or_pl_sg-Vpl
2404	7	3	le	det1sg	or_pl_sg-Vpl
2405	7	4	médecin	np1sg	or_pl_sg-Vpl
2406	7	5	vont	Vpl	or_pl_sg-Vpl
2407	7	7	<eos>	End	or_pl_sg-Vpl
2408	8	0	Les	det2pl	or_pl_sg-Vpl
2409	8	1	secrétaires	np2pl	or_pl_sg-Vpl
2410	8	2	ou	or	or_pl_sg-Vpl
2411	8	3	l'	det1sg	or_pl_sg-Vpl
2412	8	4	agent	np1sg	or_pl_sg-Vpl
2413	8	5	vont	Vpl	or_pl_sg-Vpl
2414	8	7	<eos>	End	or_pl_sg-Vpl
2415	9	0	Les	det2pl	or_pl_sg-Vpl
2416	9	1	collègues	np2pl	or_pl_sg-Vpl
2417	9	2	ou	or	or_pl_sg-Vpl
2418	9	3	le	det1sg	or_pl_sg-Vpl
2419	9	4	patron	np1sg	or_pl_sg-Vpl
2420	9	5	vont	Vpl	or_pl_sg-Vpl
2421	9	7	<eos>	End	or_pl_sg-Vpl
2422	10	0	Les	det2pl	or_pl_sg-Vpl
2423	10	1	employés	np2pl	or_pl_sg-Vpl
2424	10	2	ou	or	or_pl_sg-Vpl
2425	10	3	le	det1sg	or_pl_sg-Vpl
2426	10	4	directeur	np1sg	or_pl_sg-Vpl
2427	10	5	vont	Vpl	or_pl_sg-Vpl
2428	10	7	<eos>	End	or_pl_sg-Vpl
2429	11	0	Les	det2pl	or_pl_sg-Vpl
2430	11	1	ingénieurs	np2pl	or_pl_sg-Vpl
2431	11	2	ou	or	or_pl_sg-Vpl
2432	11	3	le	det1sg	or_pl_sg-Vpl
2433	11	4	technicien	np1sg	or_pl_sg-Vpl
2434	11	5	vont	Vpl	or_pl_sg-Vpl
2435	11	7	<eos>	End	or_pl_sg-Vpl
2436	12	0	Les	det2pl	or_pl_sg-Vpl
2437	12	1	châteaux	np2pl	or_pl_sg-Vpl
2438	12	2	ou	or	or_pl_sg-Vpl
2439	12	3	le	det1sg	or_pl_sg-Vpl
2440	12	4	parc	np1sg	or_pl_sg-Vpl
2441	12	5	vont	Vpl	or_pl_sg-Vpl
2442	12	7	<eos>	End	or_pl_sg-Vpl
2443	13	0	Les	det2pl	or_pl_sg-Vpl
2444	13	1	discours	np2pl	or_pl_sg-Vpl
2445	13	2	ou	or	or_pl_sg-Vpl
2446	13	3	le	det1sg	or_pl_sg-Vpl
2447	13	4	meeting	np1sg	or_pl_sg-Vpl
2448	13	5	vont	Vpl	or_pl_sg-Vpl
2449	13	7	<eos>	End	or_pl_sg-Vpl
2450	14	0	Les	det2pl	or_pl_sg-Vpl
2451	14	1	trains	np2pl	or_pl_sg-Vpl
2452	14	2	ou	or	or_pl_sg-Vpl
2453	14	3	l'	det1sg	or_pl_sg-Vpl
2454	14	4	avion	np1sg	or_pl_sg-Vpl
2455	14	5	vont	Vpl	or_pl_sg-Vpl
2456	14	7	<eos>	End	or_pl_sg-Vpl
2457	15	0	Les	det2pl	or_pl_sg-Vpl
2458	15	1	transports	np2pl	or_pl_sg-Vpl
2459	15	2	ou	or	or_pl_sg-Vpl
2460	15	3	le	det1sg	or_pl_sg-Vpl
2461	15	4	loyer	np1sg	or_pl_sg-Vpl
2462	15	5	vont	Vpl	or_pl_sg-Vpl
2463	15	7	<eos>	End	or_pl_sg-Vpl
2464	16	0	Les	det2pl	or_pl_sg-Vpl
2465	16	1	régions	np2pl	or_pl_sg-Vpl
2466	16	2	ou	or	or_pl_sg-Vpl
2467	16	3	la	det1sg	or_pl_sg-Vpl
2468	16	4	ville	np1sg	or_pl_sg-Vpl
2469	16	5	vont	Vpl	or_pl_sg-Vpl
2470	16	7	<eos>	End	or_pl_sg-Vpl
2471	17	0	Les	det2pl	or_pl_sg-Vpl
2472	17	1	syndicats	np2pl	or_pl_sg-Vpl
2473	17	2	ou	or	or_pl_sg-Vpl
2474	17	3	le	det1sg	or_pl_sg-Vpl
2475	17	4	parti	np1sg	or_pl_sg-Vpl
2476	17	5	vont	Vpl	or_pl_sg-Vpl
2477	17	7	<eos>	End	or_pl_sg-Vpl
2478	18	0	Les	det2pl	or_pl_sg-Vpl
2479	18	1	métro	np2pl	or_pl_sg-Vpl
2480	18	2	ou	or	or_pl_sg-Vpl
2481	18	3	le	det1sg	or_pl_sg-Vpl
2482	18	4	bus	np1sg	or_pl_sg-Vpl
2483	18	5	vont	Vpl	or_pl_sg-Vpl
2484	18	7	<eos>	End	or_pl_sg-Vpl
2485	19	0	Les	det2pl	or_pl_sg-Vpl
2486	19	1	marchés	np2pl	or_pl_sg-Vpl
2487	19	2	ou	or	or_pl_sg-Vpl
2488	19	3	le	det1sg	or_pl_sg-Vpl
2489	19	4	restaurant	np1sg	or_pl_sg-Vpl
2490	19	5	vont	Vpl	or_pl_sg-Vpl
2491	19	7	<eos>	End	or_pl_sg-Vpl
2492	20	0	Les	det2pl	or_pl_sg-Vpl
2493	20	1	questions	np2pl	or_pl_sg-Vpl
2494	20	2	ou	or	or_pl_sg-Vpl
2495	20	3	la	det1sg	or_pl_sg-Vpl
2496	20	4	réponse	np1sg	or_pl_sg-Vpl
2497	20	5	vont	Vpl	or_pl_sg-Vpl
2498	20	7	<eos>	End	or_pl_sg-Vpl
2499	21	0	Les	det2pl	or_pl_sg-Vpl
2500	21	1	événements	np2pl	or_pl_sg-Vpl
2501	21	2	ou	or	or_pl_sg-Vpl
2502	21	3	le	det1sg	or_pl_sg-Vpl
2503	21	4	spectacle	np1sg	or_pl_sg-Vpl
2504	21	5	vont	Vpl	or_pl_sg-Vpl
2505	21	7	<eos>	End	or_pl_sg-Vpl
2506	22	0	Les	det2pl	or_pl_sg-Vpl
2507	22	1	films	np2pl	or_pl_sg-Vpl
2508	22	2	ou	or	or_pl_sg-Vpl
2509	22	3	le	det1sg	or_pl_sg-Vpl
2510	22	4	livre	np1sg	or_pl_sg-Vpl
2511	22	5	vont	Vpl	or_pl_sg-Vpl
2512	22	7	<eos>	End	or_pl_sg-Vpl
2513	23	0	Les	det2pl	or_pl_sg-Vpl
2514	23	1	manifestations	np2pl	or_pl_sg-Vpl
2515	23	2	ou	or	or_pl_sg-Vpl
2516	23	3	la	det1sg	or_pl_sg-Vpl
2517	23	4	grève	np1sg	or_pl_sg-Vpl
2518	23	5	vont	Vpl	or_pl_sg-Vpl
2519	23	7	<eos>	End	or_pl_sg-Vpl
2520	0	0	Le	det1sg	or_sg_sg-Vpl
2521	0	1	maire	np1sg	or_sg_sg-Vpl
2522	0	2	ou	or	or_sg_sg-Vpl
2523	0	3	le	det2sg	or_sg_sg-Vpl
2524	0	4	conseiller	np2sg	or_sg_sg-Vpl
2525	0	5	vont	Vpl	or_sg_sg-Vpl
2526	0	7	<eos>	End	or_sg_sg-Vpl
2527	1	0	Le	det1sg	or_sg_sg-Vpl
2528	1	1	dirigeant	np1sg	or_sg_sg-Vpl
2529	1	2	ou	or	or_sg_sg-Vpl
2530	1	3	le	det2sg	or_sg_sg-Vpl
2531	1	4	joueur	np2sg	or_sg_sg-Vpl
2532	1	5	vont	Vpl	or_sg_sg-Vpl
2533	1	7	<eos>	End	or_sg_sg-Vpl
2534	2	0	Le	det1sg	or_sg_sg-Vpl
2535	2	1	président	np1sg	or_sg_sg-Vpl
2536	2	2	ou	or	or_sg_sg-Vpl
2537	2	3	le	det2sg	or_sg_sg-Vpl
2538	2	4	ministre	np2sg	or_sg_sg-Vpl
2539	2	5	vont	Vpl	or_sg_sg-Vpl
2540	2	7	<eos>	End	or_sg_sg-Vpl
2541	3	0	L'	det1sg	or_sg_sg-Vpl
2542	3	1	animateur	np1sg	or_sg_sg-Vpl
2543	3	2	ou	or	or_sg_sg-Vpl
2544	3	3	l'	det2sg	or_sg_sg-Vpl
2545	3	4	invité	np2sg	or_sg_sg-Vpl
2546	3	5	vont	Vpl	or_sg_sg-Vpl
2547	3	7	<eos>	End	or_sg_sg-Vpl
2548	4	0	Le	det1sg	or_sg_sg-Vpl
2549	4	1	gouverneur	np1sg	or_sg_sg-Vpl
2550	4	2	ou	or	or_sg_sg-Vpl
2551	4	3	le	det2sg	or_sg_sg-Vpl
2552	4	4	préfet	np2sg	or_sg_sg-Vpl
2553	4	5	vont	Vpl	or_sg_sg-Vpl
2554	4	7	<eos>	End	or_sg_sg-Vpl
2555	5	0	Le	det1sg	or_sg_sg-Vpl
2556	5	1	bébé	np1sg	or_sg_sg-Vpl
2557	5	2	ou	or	or_sg_sg-Vpl
2558	5	3	l'	det2sg	or_sg_sg-Vpl
2559	5	4	enfant	np2sg	or_sg_sg-Vpl
2560	5	5	vont	Vpl	or_sg_sg-Vpl
2561	5	7	<eos>	End	or_sg_sg-Vpl
2562	6	0	Mon	det1sg	or_sg_sg-Vpl
2563	6	1	frère	np1sg	or_sg_sg-Vpl
2564	6	2	ou	or	or_sg_sg-Vpl
2565	6	3	mon	det2sg	or_sg_sg-Vpl
2566	6	4	ami	np2sg	or_sg_sg-Vpl
2567	6	5	vont	Vpl	or_sg_sg-Vpl
2568	6	7	<eos>	End	or_sg_sg-Vpl
2569	7	0	Le	det1sg	or_sg_sg-Vpl
2570	7	1	médecin	np1sg	or_sg_sg-Vpl
2571	7	2	ou	or	or_sg_sg-Vpl
2572	7	3	l'	det2sg	or_sg_sg-Vpl
2573	7	4	administrateur	np2sg	or_sg_sg-Vpl
2574	7	5	vont	Vpl	or_sg_sg-Vpl
2575	7	7	<eos>	End	or_sg_sg-Vpl
2576	8	0	L'	det1sg	or_sg_sg-Vpl
2577	8	1	agent	np1sg	or_sg_sg-Vpl
2578	8	2	ou	or	or_sg_sg-Vpl
2579	8	3	le	det2sg	or_sg_sg-Vpl
2580	8	4	secrétaire	np2sg	or_sg_sg-Vpl
2581	8	5	vont	Vpl	or_sg_sg-Vpl
2582	8	7	<eos>	End	or_sg_sg-Vpl
2583	9	0	Le	det1sg	or_sg_sg-Vpl
2584	9	1	patron	np1sg	or_sg_sg-Vpl
2585	9	2	ou	or	or_sg_sg-Vpl
2586	9	3	le	det2sg	or_sg_sg-Vpl
2587	9	4	collègue	np2sg	or_sg_sg-Vpl
2588	9	5	vont	Vpl	or_sg_sg-Vpl
2589	9	7	<eos>	End	or_sg_sg-Vpl
2590	10	0	Le	det1sg	or_sg_sg-Vpl
2591	10	1	directeur	np1sg	or_sg_sg-Vpl
2592	10	2	ou	or	or_sg_sg-Vpl
2593	10	3	l'	det2sg	or_sg_sg-Vpl
2594	10	4	employé	np2sg	or_sg_sg-Vpl
2595	10	5	vont	Vpl	or_sg_sg-Vpl
2596	10	7	<eos>	End	or_sg_sg-Vpl
2597	11	0	Le	det1sg	or_sg_sg-Vpl
2598	11	1	technicien	np1sg	or_sg_sg-Vpl
2599	11	2	ou	or	or_sg_sg-Vpl
2600	11	3	l'	det2sg	or_sg_sg-Vpl
2601	11	4	ingénieur	np2sg	or_sg_sg-Vpl
2602	11	5	vont	Vpl	or_sg_sg-Vpl
2603	11	7	<eos>	End	or_sg_sg-Vpl
2604	12	0	Le	det1sg	or_sg_sg-Vpl
2605	12	1	parc	np1sg	or_sg_sg-Vpl
2606	12	2	ou	or	or_sg_sg-Vpl
2607	12	3	le	det2sg	or_sg_sg-Vpl
2608	12	4	château	np2sg	or_sg_sg-Vpl
2609	12	5	vont	Vpl	or_sg_sg-Vpl
2610	12	7	<eos>	End	or_sg_sg-Vpl
2611	13	0	Le	det1sg	or_sg_sg-Vpl
2612	13	1	meeting	np1sg	or_sg_sg-Vpl
2613	13	2	ou	or	or_sg_sg-Vpl
2614	13	3	le	det2sg	or_sg_sg-Vpl
2615	13	4	discours	np2sg	or_sg_sg-Vpl
2616	13	5	vont	Vpl	or_sg_sg-Vpl
2617	13	7	<eos>	End	or_sg_sg-Vpl
2618	14	0	L'	det1sg	or_sg_sg-Vpl
2619	14	1	avion	np1sg	or_sg_sg-Vpl
2620	14	2	ou	or	or_sg_sg-Vpl
2621	14	3	le	det2sg	or_sg_sg-Vpl
2622	14	4	train	np2sg	or_sg_sg-Vpl
2623	14	5	vont	Vpl	or_sg_sg-Vpl
2624	14	7	<eos>	End	or_sg_sg-Vpl
2625	15	0	Le	det1sg	or_sg_sg-Vpl
2626	15	1	loyer	np1sg	or_sg_sg-Vpl
2627	15	2	ou	or	or_sg_sg-Vpl
2628	15	3	le	det2sg	or_sg_sg-Vpl
2629	15	4	transport	np2sg	or_sg_sg-Vpl
2630	15	5	vont	Vpl	or_sg_sg-Vpl
2631	15	7	<eos>	End	or_sg_sg-Vpl
2632	16	0	La	det1sg	or_sg_sg-Vpl
2633	16	1	ville	np1sg	or_sg_sg-Vpl
2634	16	2	ou	or	or_sg_sg-Vpl
2635	16	3	la	det2sg	or_sg_sg-Vpl
2636	16	4	région	np2sg	or_sg_sg-Vpl
2637	16	5	vont	Vpl	or_sg_sg-Vpl
2638	16	7	<eos>	End	or_sg_sg-Vpl
2639	17	0	Le	det1sg	or_sg_sg-Vpl
2640	17	1	parti	np1sg	or_sg_sg-Vpl
2641	17	2	ou	or	or_sg_sg-Vpl
2642	17	3	le	det2sg	or_sg_sg-Vpl
2643	17	4	syndicat	np2sg	or_sg_sg-Vpl
2644	17	5	vont	Vpl	or_sg_sg-Vpl
2645	17	7	<eos>	End	or_sg_sg-Vpl
2646	18	0	Le	det1sg	or_sg_sg-Vpl
2647	18	1	bus	np1sg	or_sg_sg-Vpl
2648	18	2	ou	or	or_sg_sg-Vpl
2649	18	3	le	det2sg	or_sg_sg-Vpl
2650	18	4	métro	np2sg	or_sg_sg-Vpl
2651	18	5	vont	Vpl	or_sg_sg-Vpl
2652	18	7	<eos>	End	or_sg_sg-Vpl
2653	19	0	Le	det1sg	or_sg_sg-Vpl
2654	19	1	restaurant	np1sg	or_sg_sg-Vpl
2655	19	2	ou	or	or_sg_sg-Vpl
2656	19	3	le	det2sg	or_sg_sg-Vpl
2657	19	4	marché	np2sg	or_sg_sg-Vpl
2658	19	5	vont	Vpl	or_sg_sg-Vpl
2659	19	7	<eos>	End	or_sg_sg-Vpl
2660	20	0	La	det1sg	or_sg_sg-Vpl
2661	20	1	réponse	np1sg	or_sg_sg-Vpl
2662	20	2	ou	or	or_sg_sg-Vpl
2663	20	3	la	det2sg	or_sg_sg-Vpl
2664	20	4	question	np2sg	or_sg_sg-Vpl
2665	20	5	vont	Vpl	or_sg_sg-Vpl
2666	20	7	<eos>	End	or_sg_sg-Vpl
2667	21	0	Le	det1sg	or_sg_sg-Vpl
2668	21	1	spectacle	np1sg	or_sg_sg-Vpl
2669	21	2	ou	or	or_sg_sg-Vpl
2670	21	3	l'	det2sg	or_sg_sg-Vpl
2671	21	4	événement	np2sg	or_sg_sg-Vpl
2672	21	5	vont	Vpl	or_sg_sg-Vpl
2673	21	7	<eos>	End	or_sg_sg-Vpl
2674	22	0	Le	det1sg	or_sg_sg-Vpl
2675	22	1	livre	np1sg	or_sg_sg-Vpl
2676	22	2	ou	or	or_sg_sg-Vpl
2677	22	3	le	det2sg	or_sg_sg-Vpl
2678	22	4	film	np2sg	or_sg_sg-Vpl
2679	22	5	vont	Vpl	or_sg_sg-Vpl
2680	22	7	<eos>	End	or_sg_sg-Vpl
2681	23	0	La	det1sg	or_sg_sg-Vpl
2682	23	1	grève	np1sg	or_sg_sg-Vpl
2683	23	2	ou	or	or_sg_sg-Vpl
2684	23	3	la	det2sg	or_sg_sg-Vpl
2685	23	4	manifestation	np2sg	or_sg_sg-Vpl
2686	23	5	vont	Vpl	or_sg_sg-Vpl
2687	23	7	<eos>	End	or_sg_sg-Vpl
